[2026-07-29 23:46:38] production.ERROR: The /Users/xilolomacbook/Apps/Foodhunts-backend/bootstrap/cache directory must be present and writable. {"exception":"[object] (Exception(code: 0): The /Users/xilolomacbook/Apps/Foodhunts-backend/bootstrap/cache directory must be present and writable. at /Users/xilolomacbook/Apps/Foodhunts-backend/vendor/laravel/framework/src/Illuminate/Foundation/PackageManifest.php:179)
[stacktrace]
#0 /Users/xilolomacbook/Apps/Foodhunts-backend/vendor/laravel/framework/src/Illuminate/Foundation/PackageManifest.php(132): Illuminate\\Foundation\\PackageManifest->write(Array)
#1 /Users/xilolomacbook/Apps/Foodhunts-backend/vendor/laravel/framework/src/Illuminate/Foundation/PackageManifest.php(108): Illuminate\\Foundation\\PackageManifest->build()
#2 /Users/xilolomacbook/Apps/Foodhunts-backend/vendor/laravel/framework/src/Illuminate/Foundation/PackageManifest.php(90): Illuminate\\Foundation\\PackageManifest->getManifest()
#3 /Users/xilolomacbook/Apps/Foodhunts-backend/vendor/laravel/framework/src/Illuminate/Foundation/PackageManifest.php(79): Illuminate\\Foundation\\PackageManifest->config('aliases')
#4 /Users/xilolomacbook/Apps/Foodhunts-backend/vendor/laravel/framework/src/Illuminate/Foundation/Bootstrap/RegisterFacades.php(26): Illuminate\\Foundation\\PackageManifest->aliases()
#5 /Users/xilolomacbook/Apps/Foodhunts-backend/vendor/laravel/framework/src/Illuminate/Foundation/Application.php(342): Illuminate\\Foundation\\Bootstrap\\RegisterFacades->bootstrap(Object(Illuminate\\Foundation\\Application))
#6 /Users/xilolomacbook/Apps/Foodhunts-backend/vendor/laravel/framework/src/Illuminate/Foundation/Console/Kernel.php(494): Illuminate\\Foundation\\Application->bootstrapWith(Array)
#7 /Users/xilolomacbook/Apps/Foodhunts-backend/vendor/laravel/framework/src/Illuminate/Foundation/Console/Kernel.php(196): Illuminate\\Foundation\\Console\\Kernel->bootstrap()
#8 /Users/xilolomacbook/Apps/Foodhunts-backend/artisan(12): Illuminate\\Foundation\\Console\\Kernel->handle(Object(Symfony\\Component\\Console\\Input\\ArgvInput), Object(Symfony\\Component\\Console\\Output\\ConsoleOutput))
#9 {main}
"} 
[2026-07-30 00:51:50] local.ERROR: Target class [files] does not exist. {"exception":"[object] (Illuminate\\Contracts\\Container\\BindingResolutionException(code: 0): Target class [files] does not exist. at /Users/xilolomacbook/Apps/Foodhunts-backend/vendor/laravel/framework/src/Illuminate/Container/Container.php:1124)
[stacktrace]
#0 /Users/xilolomacbook/Apps/Foodhunts-backend/vendor/laravel/framework/src/Illuminate/Container/Container.php(933): Illuminate\\Container\\Container->build('files')
#1 /Users/xilolomacbook/Apps/Foodhunts-backend/vendor/laravel/framework/src/Illuminate/Foundation/Application.php(1078): Illuminate\\Container\\Container->resolve('files', Array, true)
#2 /Users/xilolomacbook/Apps/Foodhunts-backend/vendor/laravel/framework/src/Illuminate/Container/Container.php(864): Illuminate\\Foundation\\Application->resolve('files', Array)
#3 /Users/xilolomacbook/Apps/Foodhunts-backend/vendor/laravel/framework/src/Illuminate/Foundation/Application.php(1058): Illuminate\\Container\\Container->make('files', Array)
#4 /Users/xilolomacbook/Apps/Foodhunts-backend/vendor/laravel/framework/src/Illuminate/Container/Container.php(1805): Illuminate\\Foundation\\Application->make('files')
#5 /Users/xilolomacbook/Apps/Foodhunts-backend/vendor/laravel/framework/src/Illuminate/Foundation/Application.php(1333): Illuminate\\Container\\Container->offsetGet('files')
#6 /Users/xilolomacbook/Apps/Foodhunts-backend/vendor/laravel/sanctum/src/SanctumServiceProvider.php(68): Illuminate\\Foundation\\Application->routesAreCached()
#7 /Users/xilolomacbook/Apps/Foodhunts-backend/vendor/laravel/sanctum/src/SanctumServiceProvider.php(56): Laravel\\Sanctum\\SanctumServiceProvider->defineRoutes()
#8 /Users/xilolomacbook/Apps/Foodhunts-backend/vendor/laravel/framework/src/Illuminate/Container/BoundMethod.php(36): Laravel\\Sanctum\\SanctumServiceProvider->boot()
#9 /Users/xilolomacbook/Apps/Foodhunts-backend/vendor/laravel/framework/src/Illuminate/Container/Util.php(43): Illuminate\\Container\\BoundMethod::Illuminate\\Container\\{closure}()
#10 /Users/xilolomacbook/Apps/Foodhunts-backend/vendor/laravel/framework/src/Illuminate/Container/BoundMethod.php(96): Illuminate\\Container\\Util::unwrapIfClosure(Object(Closure))
#11 /Users/xilolomacbook/Apps/Foodhunts-backend/vendor/laravel/framework/src/Illuminate/Container/BoundMethod.php(35): Illuminate\\Container\\BoundMethod::callBoundMethod(Object(Illuminate\\Foundation\\Application), Array, Object(Closure))
#12 /Users/xilolomacbook/Apps/Foodhunts-backend/vendor/laravel/framework/src/Illuminate/Container/Container.php(799): Illuminate\\Container\\BoundMethod::call(Object(Illuminate\\Foundation\\Application), Array, Array, NULL)
#13 /Users/xilolomacbook/Apps/Foodhunts-backend/vendor/laravel/framework/src/Illuminate/Foundation/Application.php(1151): Illuminate\\Container\\Container->call(Array)
#14 /Users/xilolomacbook/Apps/Foodhunts-backend/vendor/laravel/framework/src/Illuminate/Foundation/Application.php(1132): Illuminate\\Foundation\\Application->bootProvider(Object(Laravel\\Sanctum\\SanctumServiceProvider))
#15 [internal function]: Illuminate\\Foundation\\Application->Illuminate\\Foundation\\{closure}(Object(Laravel\\Sanctum\\SanctumServiceProvider), 'Laravel\\\\Sanctum...')
#16 /Users/xilolomacbook/Apps/Foodhunts-backend/vendor/laravel/framework/src/Illuminate/Foundation/Application.php(1131): array_walk(Array, Object(Closure))
#17 /Users/xilolomacbook/Apps/Foodhunts-backend/vendor/laravel/framework/src/Illuminate/Foundation/Bootstrap/BootProviders.php(17): Illuminate\\Foundation\\Application->boot()
#18 /Users/xilolomacbook/Apps/Foodhunts-backend/vendor/laravel/framework/src/Illuminate/Foundation/Application.php(342): Illuminate\\Foundation\\Bootstrap\\BootProviders->bootstrap(Object(Illuminate\\Foundation\\Application))
#19 /Users/xilolomacbook/Apps/Foodhunts-backend/vendor/laravel/framework/src/Illuminate/Foundation/Console/Kernel.php(494): Illuminate\\Foundation\\Application->bootstrapWith(Array)
#20 /Users/xilolomacbook/Apps/Foodhunts-backend/vendor/laravel/framework/src/Illuminate/Foundation/Console/Kernel.php(196): Illuminate\\Foundation\\Console\\Kernel->bootstrap()
#21 /Users/xilolomacbook/Apps/Foodhunts-backend/artisan(12): Illuminate\\Foundation\\Console\\Kernel->handle(Object(Symfony\\Component\\Console\\Input\\ArgvInput), Object(Symfony\\Component\\Console\\Output\\ConsoleOutput))
#22 {main}

[previous exception] [object] (ReflectionException(code: -1): Class \"files\" does not exist at /Users/xilolomacbook/Apps/Foodhunts-backend/vendor/laravel/framework/src/Illuminate/Container/Container.php:1122)
[stacktrace]
#0 /Users/xilolomacbook/Apps/Foodhunts-backend/vendor/laravel/framework/src/Illuminate/Container/Container.php(1122): ReflectionClass->__construct('files')
#1 /Users/xilolomacbook/Apps/Foodhunts-backend/vendor/laravel/framework/src/Illuminate/Container/Container.php(933): Illuminate\\Container\\Container->build('files')
#2 /Users/xilolomacbook/Apps/Foodhunts-backend/vendor/laravel/framework/src/Illuminate/Foundation/Application.php(1078): Illuminate\\Container\\Container->resolve('files', Array, true)
#3 /Users/xilolomacbook/Apps/Foodhunts-backend/vendor/laravel/framework/src/Illuminate/Container/Container.php(864): Illuminate\\Foundation\\Application->resolve('files', Array)
#4 /Users/xilolomacbook/Apps/Foodhunts-backend/vendor/laravel/framework/src/Illuminate/Foundation/Application.php(1058): Illuminate\\Container\\Container->make('files', Array)
#5 /Users/xilolomacbook/Apps/Foodhunts-backend/vendor/laravel/framework/src/Illuminate/Container/Container.php(1805): Illuminate\\Foundation\\Application->make('files')
#6 /Users/xilolomacbook/Apps/Foodhunts-backend/vendor/laravel/framework/src/Illuminate/Foundation/Application.php(1333): Illuminate\\Container\\Container->offsetGet('files')
#7 /Users/xilolomacbook/Apps/Foodhunts-backend/vendor/laravel/sanctum/src/SanctumServiceProvider.php(68): Illuminate\\Foundation\\Application->routesAreCached()
#8 /Users/xilolomacbook/Apps/Foodhunts-backend/vendor/laravel/sanctum/src/SanctumServiceProvider.php(56): Laravel\\Sanctum\\SanctumServiceProvider->defineRoutes()
#9 /Users/xilolomacbook/Apps/Foodhunts-backend/vendor/laravel/framework/src/Illuminate/Container/BoundMethod.php(36): Laravel\\Sanctum\\SanctumServiceProvider->boot()
#10 /Users/xilolomacbook/Apps/Foodhunts-backend/vendor/laravel/framework/src/Illuminate/Container/Util.php(43): Illuminate\\Container\\BoundMethod::Illuminate\\Container\\{closure}()
#11 /Users/xilolomacbook/Apps/Foodhunts-backend/vendor/laravel/framework/src/Illuminate/Container/BoundMethod.php(96): Illuminate\\Container\\Util::unwrapIfClosure(Object(Closure))
#12 /Users/xilolomacbook/Apps/Foodhunts-backend/vendor/laravel/framework/src/Illuminate/Container/BoundMethod.php(35): Illuminate\\Container\\BoundMethod::callBoundMethod(Object(Illuminate\\Foundation\\Application), Array, Object(Closure))
#13 /Users/xilolomacbook/Apps/Foodhunts-backend/vendor/laravel/framework/src/Illuminate/Container/Container.php(799): Illuminate\\Container\\BoundMethod::call(Object(Illuminate\\Foundation\\Application), Array, Array, NULL)
#14 /Users/xilolomacbook/Apps/Foodhunts-backend/vendor/laravel/framework/src/Illuminate/Foundation/Application.php(1151): Illuminate\\Container\\Container->call(Array)
#15 /Users/xilolomacbook/Apps/Foodhunts-backend/vendor/laravel/framework/src/Illuminate/Foundation/Application.php(1132): Illuminate\\Foundation\\Application->bootProvider(Object(Laravel\\Sanctum\\SanctumServiceProvider))
#16 [internal function]: Illuminate\\Foundation\\Application->Illuminate\\Foundation\\{closure}(Object(Laravel\\Sanctum\\SanctumServiceProvider), 'Laravel\\\\Sanctum...')
#17 /Users/xilolomacbook/Apps/Foodhunts-backend/vendor/laravel/framework/src/Illuminate/Foundation/Application.php(1131): array_walk(Array, Object(Closure))
#18 /Users/xilolomacbook/Apps/Foodhunts-backend/vendor/laravel/framework/src/Illuminate/Foundation/Bootstrap/BootProviders.php(17): Illuminate\\Foundation\\Application->boot()
#19 /Users/xilolomacbook/Apps/Foodhunts-backend/vendor/laravel/framework/src/Illuminate/Foundation/Application.php(342): Illuminate\\Foundation\\Bootstrap\\BootProviders->bootstrap(Object(Illuminate\\Foundation\\Application))
#20 /Users/xilolomacbook/Apps/Foodhunts-backend/vendor/laravel/framework/src/Illuminate/Foundation/Console/Kernel.php(494): Illuminate\\Foundation\\Application->bootstrapWith(Array)
#21 /Users/xilolomacbook/Apps/Foodhunts-backend/vendor/laravel/framework/src/Illuminate/Foundation/Console/Kernel.php(196): Illuminate\\Foundation\\Console\\Kernel->bootstrap()
#22 /Users/xilolomacbook/Apps/Foodhunts-backend/artisan(12): Illuminate\\Foundation\\Console\\Kernel->handle(Object(Symfony\\Component\\Console\\Input\\ArgvInput), Object(Symfony\\Component\\Console\\Output\\ConsoleOutput))
#23 {main}
"} 
[2026-07-30 00:51:53] local.ERROR: Target class [files] does not exist. {"exception":"[object] (Illuminate\\Contracts\\Container\\BindingResolutionException(code: 0): Target class [files] does not exist. at /Users/xilolomacbook/Apps/Foodhunts-backend/vendor/laravel/framework/src/Illuminate/Container/Container.php:1124)
[stacktrace]
#0 /Users/xilolomacbook/Apps/Foodhunts-backend/vendor/laravel/framework/src/Illuminate/Container/Container.php(933): Illuminate\\Container\\Container->build('files')
#1 /Users/xilolomacbook/Apps/Foodhunts-backend/vendor/laravel/framework/src/Illuminate/Foundation/Application.php(1078): Illuminate\\Container\\Container->resolve('files', Array, true)
#2 /Users/xilolomacbook/Apps/Foodhunts-backend/vendor/laravel/framework/src/Illuminate/Container/Container.php(864): Illuminate\\Foundation\\Application->resolve('files', Array)
#3 /Users/xilolomacbook/Apps/Foodhunts-backend/vendor/laravel/framework/src/Illuminate/Foundation/Application.php(1058): Illuminate\\Container\\Container->make('files', Array)
#4 /Users/xilolomacbook/Apps/Foodhunts-backend/vendor/laravel/framework/src/Illuminate/Container/Container.php(1805): Illuminate\\Foundation\\Application->make('files')
#5 /Users/xilolomacbook/Apps/Foodhunts-backend/vendor/laravel/framework/src/Illuminate/Foundation/Application.php(1333): Illuminate\\Container\\Container->offsetGet('files')
#6 /Users/xilolomacbook/Apps/Foodhunts-backend/vendor/laravel/sanctum/src/SanctumServiceProvider.php(68): Illuminate\\Foundation\\Application->routesAreCached()
#7 /Users/xilolomacbook/Apps/Foodhunts-backend/vendor/laravel/sanctum/src/SanctumServiceProvider.php(56): Laravel\\Sanctum\\SanctumServiceProvider->defineRoutes()
#8 /Users/xilolomacbook/Apps/Foodhunts-backend/vendor/laravel/framework/src/Illuminate/Container/BoundMethod.php(36): Laravel\\Sanctum\\SanctumServiceProvider->boot()
#9 /Users/xilolomacbook/Apps/Foodhunts-backend/vendor/laravel/framework/src/Illuminate/Container/Util.php(43): Illuminate\\Container\\BoundMethod::Illuminate\\Container\\{closure}()
#10 /Users/xilolomacbook/Apps/Foodhunts-backend/vendor/laravel/framework/src/Illuminate/Container/BoundMethod.php(96): Illuminate\\Container\\Util::unwrapIfClosure(Object(Closure))
#11 /Users/xilolomacbook/Apps/Foodhunts-backend/vendor/laravel/framework/src/Illuminate/Container/BoundMethod.php(35): Illuminate\\Container\\BoundMethod::callBoundMethod(Object(Illuminate\\Foundation\\Application), Array, Object(Closure))
#12 /Users/xilolomacbook/Apps/Foodhunts-backend/vendor/laravel/framework/src/Illuminate/Container/Container.php(799): Illuminate\\Container\\BoundMethod::call(Object(Illuminate\\Foundation\\Application), Array, Array, NULL)
#13 /Users/xilolomacbook/Apps/Foodhunts-backend/vendor/laravel/framework/src/Illuminate/Foundation/Application.php(1151): Illuminate\\Container\\Container->call(Array)
#14 /Users/xilolomacbook/Apps/Foodhunts-backend/vendor/laravel/framework/src/Illuminate/Foundation/Application.php(1132): Illuminate\\Foundation\\Application->bootProvider(Object(Laravel\\Sanctum\\SanctumServiceProvider))
#15 [internal function]: Illuminate\\Foundation\\Application->Illuminate\\Foundation\\{closure}(Object(Laravel\\Sanctum\\SanctumServiceProvider), 'Laravel\\\\Sanctum...')
#16 /Users/xilolomacbook/Apps/Foodhunts-backend/vendor/laravel/framework/src/Illuminate/Foundation/Application.php(1131): array_walk(Array, Object(Closure))
#17 /Users/xilolomacbook/Apps/Foodhunts-backend/vendor/laravel/framework/src/Illuminate/Foundation/Bootstrap/BootProviders.php(17): Illuminate\\Foundation\\Application->boot()
#18 /Users/xilolomacbook/Apps/Foodhunts-backend/vendor/laravel/framework/src/Illuminate/Foundation/Application.php(342): Illuminate\\Foundation\\Bootstrap\\BootProviders->bootstrap(Object(Illuminate\\Foundation\\Application))
#19 /Users/xilolomacbook/Apps/Foodhunts-backend/vendor/laravel/framework/src/Illuminate/Foundation/Console/Kernel.php(494): Illuminate\\Foundation\\Application->bootstrapWith(Array)
#20 /Users/xilolomacbook/Apps/Foodhunts-backend/vendor/laravel/framework/src/Illuminate/Foundation/Console/Kernel.php(196): Illuminate\\Foundation\\Console\\Kernel->bootstrap()
#21 /Users/xilolomacbook/Apps/Foodhunts-backend/artisan(12): Illuminate\\Foundation\\Console\\Kernel->handle(Object(Symfony\\Component\\Console\\Input\\ArgvInput), Object(Symfony\\Component\\Console\\Output\\ConsoleOutput))
#22 {main}

[previous exception] [object] (ReflectionException(code: -1): Class \"files\" does not exist at /Users/xilolomacbook/Apps/Foodhunts-backend/vendor/laravel/framework/src/Illuminate/Container/Container.php:1122)
[stacktrace]
#0 /Users/xilolomacbook/Apps/Foodhunts-backend/vendor/laravel/framework/src/Illuminate/Container/Container.php(1122): ReflectionClass->__construct('files')
#1 /Users/xilolomacbook/Apps/Foodhunts-backend/vendor/laravel/framework/src/Illuminate/Container/Container.php(933): Illuminate\\Container\\Container->build('files')
#2 /Users/xilolomacbook/Apps/Foodhunts-backend/vendor/laravel/framework/src/Illuminate/Foundation/Application.php(1078): Illuminate\\Container\\Container->resolve('files', Array, true)
#3 /Users/xilolomacbook/Apps/Foodhunts-backend/vendor/laravel/framework/src/Illuminate/Container/Container.php(864): Illuminate\\Foundation\\Application->resolve('files', Array)
#4 /Users/xilolomacbook/Apps/Foodhunts-backend/vendor/laravel/framework/src/Illuminate/Foundation/Application.php(1058): Illuminate\\Container\\Container->make('files', Array)
#5 /Users/xilolomacbook/Apps/Foodhunts-backend/vendor/laravel/framework/src/Illuminate/Container/Container.php(1805): Illuminate\\Foundation\\Application->make('files')
#6 /Users/xilolomacbook/Apps/Foodhunts-backend/vendor/laravel/framework/src/Illuminate/Foundation/Application.php(1333): Illuminate\\Container\\Container->offsetGet('files')
#7 /Users/xilolomacbook/Apps/Foodhunts-backend/vendor/laravel/sanctum/src/SanctumServiceProvider.php(68): Illuminate\\Foundation\\Application->routesAreCached()
#8 /Users/xilolomacbook/Apps/Foodhunts-backend/vendor/laravel/sanctum/src/SanctumServiceProvider.php(56): Laravel\\Sanctum\\SanctumServiceProvider->defineRoutes()
#9 /Users/xilolomacbook/Apps/Foodhunts-backend/vendor/laravel/framework/src/Illuminate/Container/BoundMethod.php(36): Laravel\\Sanctum\\SanctumServiceProvider->boot()
#10 /Users/xilolomacbook/Apps/Foodhunts-backend/vendor/laravel/framework/src/Illuminate/Container/Util.php(43): Illuminate\\Container\\BoundMethod::Illuminate\\Container\\{closure}()
#11 /Users/xilolomacbook/Apps/Foodhunts-backend/vendor/laravel/framework/src/Illuminate/Container/BoundMethod.php(96): Illuminate\\Container\\Util::unwrapIfClosure(Object(Closure))
#12 /Users/xilolomacbook/Apps/Foodhunts-backend/vendor/laravel/framework/src/Illuminate/Container/BoundMethod.php(35): Illuminate\\Container\\BoundMethod::callBoundMethod(Object(Illuminate\\Foundation\\Application), Array, Object(Closure))
#13 /Users/xilolomacbook/Apps/Foodhunts-backend/vendor/laravel/framework/src/Illuminate/Container/Container.php(799): Illuminate\\Container\\BoundMethod::call(Object(Illuminate\\Foundation\\Application), Array, Array, NULL)
#14 /Users/xilolomacbook/Apps/Foodhunts-backend/vendor/laravel/framework/src/Illuminate/Foundation/Application.php(1151): Illuminate\\Container\\Container->call(Array)
#15 /Users/xilolomacbook/Apps/Foodhunts-backend/vendor/laravel/framework/src/Illuminate/Foundation/Application.php(1132): Illuminate\\Foundation\\Application->bootProvider(Object(Laravel\\Sanctum\\SanctumServiceProvider))
#16 [internal function]: Illuminate\\Foundation\\Application->Illuminate\\Foundation\\{closure}(Object(Laravel\\Sanctum\\SanctumServiceProvider), 'Laravel\\\\Sanctum...')
#17 /Users/xilolomacbook/Apps/Foodhunts-backend/vendor/laravel/framework/src/Illuminate/Foundation/Application.php(1131): array_walk(Array, Object(Closure))
#18 /Users/xilolomacbook/Apps/Foodhunts-backend/vendor/laravel/framework/src/Illuminate/Foundation/Bootstrap/BootProviders.php(17): Illuminate\\Foundation\\Application->boot()
#19 /Users/xilolomacbook/Apps/Foodhunts-backend/vendor/laravel/framework/src/Illuminate/Foundation/Application.php(342): Illuminate\\Foundation\\Bootstrap\\BootProviders->bootstrap(Object(Illuminate\\Foundation\\Application))
#20 /Users/xilolomacbook/Apps/Foodhunts-backend/vendor/laravel/framework/src/Illuminate/Foundation/Console/Kernel.php(494): Illuminate\\Foundation\\Application->bootstrapWith(Array)
#21 /Users/xilolomacbook/Apps/Foodhunts-backend/vendor/laravel/framework/src/Illuminate/Foundation/Console/Kernel.php(196): Illuminate\\Foundation\\Console\\Kernel->bootstrap()
#22 /Users/xilolomacbook/Apps/Foodhunts-backend/artisan(12): Illuminate\\Foundation\\Console\\Kernel->handle(Object(Symfony\\Component\\Console\\Input\\ArgvInput), Object(Symfony\\Component\\Console\\Output\\ConsoleOutput))
#23 {main}
"} 
[2026-07-30 00:52:40] local.ERROR: Class "Redis" not found {"exception":"[object] (Error(code: 0): Class \"Redis\" not found at /Users/xilolomacbook/Apps/Foodhunts-backend/vendor/laravel/framework/src/Illuminate/Redis/Connectors/PhpRedisConnector.php:80)
[stacktrace]
#0 /Users/xilolomacbook/Apps/Foodhunts-backend/vendor/laravel/framework/src/Illuminate/Redis/Connectors/PhpRedisConnector.php(34): Illuminate\\Redis\\Connectors\\PhpRedisConnector->createClient(Array)
#1 /Users/xilolomacbook/Apps/Foodhunts-backend/vendor/laravel/framework/src/Illuminate/Redis/Connectors/PhpRedisConnector.php(39): Illuminate\\Redis\\Connectors\\PhpRedisConnector->Illuminate\\Redis\\Connectors\\{closure}()
#2 /Users/xilolomacbook/Apps/Foodhunts-backend/vendor/laravel/framework/src/Illuminate/Redis/RedisManager.php(111): Illuminate\\Redis\\Connectors\\PhpRedisConnector->connect(Array, Array)
#3 /Users/xilolomacbook/Apps/Foodhunts-backend/vendor/laravel/framework/src/Illuminate/Redis/RedisManager.php(92): Illuminate\\Redis\\RedisManager->resolve('cache')
#4 /Users/xilolomacbook/Apps/Foodhunts-backend/vendor/laravel/framework/src/Illuminate/Cache/RedisStore.php(377): Illuminate\\Redis\\RedisManager->connection('cache')
#5 /Users/xilolomacbook/Apps/Foodhunts-backend/vendor/laravel/framework/src/Illuminate/Cache/RedisStore.php(284): Illuminate\\Cache\\RedisStore->connection()
#6 /Users/xilolomacbook/Apps/Foodhunts-backend/vendor/laravel/framework/src/Illuminate/Cache/Repository.php(979): Illuminate\\Cache\\RedisStore->flush()
#7 /Users/xilolomacbook/Apps/Foodhunts-backend/vendor/laravel/framework/src/Illuminate/Cache/Console/ClearCommand.php(68): Illuminate\\Cache\\Repository->__call('flush', Array)
#8 /Users/xilolomacbook/Apps/Foodhunts-backend/vendor/laravel/framework/src/Illuminate/Container/BoundMethod.php(36): Illuminate\\Cache\\Console\\ClearCommand->handle()
#9 /Users/xilolomacbook/Apps/Foodhunts-backend/vendor/laravel/framework/src/Illuminate/Container/Util.php(43): Illuminate\\Container\\BoundMethod::Illuminate\\Container\\{closure}()
#10 /Users/xilolomacbook/Apps/Foodhunts-backend/vendor/laravel/framework/src/Illuminate/Container/BoundMethod.php(96): Illuminate\\Container\\Util::unwrapIfClosure(Object(Closure))
#11 /Users/xilolomacbook/Apps/Foodhunts-backend/vendor/laravel/framework/src/Illuminate/Container/BoundMethod.php(35): Illuminate\\Container\\BoundMethod::callBoundMethod(Object(Illuminate\\Foundation\\Application), Array, Object(Closure))
#12 /Users/xilolomacbook/Apps/Foodhunts-backend/vendor/laravel/framework/src/Illuminate/Container/Container.php(799): Illuminate\\Container\\BoundMethod::call(Object(Illuminate\\Foundation\\Application), Array, Array, NULL)
#13 /Users/xilolomacbook/Apps/Foodhunts-backend/vendor/laravel/framework/src/Illuminate/Console/Command.php(211): Illuminate\\Container\\Container->call(Array)
#14 /Users/xilolomacbook/Apps/Foodhunts-backend/vendor/symfony/console/Command/Command.php(341): Illuminate\\Console\\Command->execute(Object(Symfony\\Component\\Console\\Input\\ArrayInput), Object(Illuminate\\Console\\OutputStyle))
#15 /Users/xilolomacbook/Apps/Foodhunts-backend/vendor/laravel/framework/src/Illuminate/Console/Command.php(180): Symfony\\Component\\Console\\Command\\Command->run(Object(Symfony\\Component\\Console\\Input\\ArrayInput), Object(Illuminate\\Console\\OutputStyle))
#16 /Users/xilolomacbook/Apps/Foodhunts-backend/vendor/laravel/framework/src/Illuminate/Console/Concerns/CallsCommands.php(68): Illuminate\\Console\\Command->run(Object(Symfony\\Component\\Console\\Input\\ArrayInput), Object(Symfony\\Component\\Console\\Output\\NullOutput))
#17 /Users/xilolomacbook/Apps/Foodhunts-backend/vendor/laravel/framework/src/Illuminate/Console/Concerns/CallsCommands.php(41): Illuminate\\Console\\Command->runCommand('cache:clear', Array, Object(Symfony\\Component\\Console\\Output\\NullOutput))
#18 /Users/xilolomacbook/Apps/Foodhunts-backend/vendor/laravel/framework/src/Illuminate/Console/Concerns/CallsCommands.php(53): Illuminate\\Console\\Command->callSilent('cache:clear', Array)
#19 /Users/xilolomacbook/Apps/Foodhunts-backend/vendor/laravel/framework/src/Illuminate/Foundation/Console/OptimizeClearCommand.php(48): Illuminate\\Console\\Command->callSilently('cache:clear')
#20 /Users/xilolomacbook/Apps/Foodhunts-backend/vendor/laravel/framework/src/Illuminate/Console/View/Components/Task.php(41): Illuminate\\Foundation\\Console\\OptimizeClearCommand->Illuminate\\Foundation\\Console\\{closure}()
#21 /Users/xilolomacbook/Apps/Foodhunts-backend/vendor/laravel/framework/src/Illuminate/Console/View/Components/Factory.php(59): Illuminate\\Console\\View\\Components\\Task->render('cache', Object(Closure))
#22 /Users/xilolomacbook/Apps/Foodhunts-backend/vendor/laravel/framework/src/Illuminate/Foundation/Console/OptimizeClearCommand.php(48): Illuminate\\Console\\View\\Components\\Factory->__call('task', Array)
#23 /Users/xilolomacbook/Apps/Foodhunts-backend/vendor/laravel/framework/src/Illuminate/Container/BoundMethod.php(36): Illuminate\\Foundation\\Console\\OptimizeClearCommand->handle()
#24 /Users/xilolomacbook/Apps/Foodhunts-backend/vendor/laravel/framework/src/Illuminate/Container/Util.php(43): Illuminate\\Container\\BoundMethod::Illuminate\\Container\\{closure}()
#25 /Users/xilolomacbook/Apps/Foodhunts-backend/vendor/laravel/framework/src/Illuminate/Container/BoundMethod.php(96): Illuminate\\Container\\Util::unwrapIfClosure(Object(Closure))
#26 /Users/xilolomacbook/Apps/Foodhunts-backend/vendor/laravel/framework/src/Illuminate/Container/BoundMethod.php(35): Illuminate\\Container\\BoundMethod::callBoundMethod(Object(Illuminate\\Foundation\\Application), Array, Object(Closure))
#27 /Users/xilolomacbook/Apps/Foodhunts-backend/vendor/laravel/framework/src/Illuminate/Container/Container.php(799): Illuminate\\Container\\BoundMethod::call(Object(Illuminate\\Foundation\\Application), Array, Array, NULL)
#28 /Users/xilolomacbook/Apps/Foodhunts-backend/vendor/laravel/framework/src/Illuminate/Console/Command.php(211): Illuminate\\Container\\Container->call(Array)
#29 /Users/xilolomacbook/Apps/Foodhunts-backend/vendor/symfony/console/Command/Command.php(341): Illuminate\\Console\\Command->execute(Object(Symfony\\Component\\Console\\Input\\ArgvInput), Object(Illuminate\\Console\\OutputStyle))
#30 /Users/xilolomacbook/Apps/Foodhunts-backend/vendor/laravel/framework/src/Illuminate/Console/Command.php(180): Symfony\\Component\\Console\\Command\\Command->run(Object(Symfony\\Component\\Console\\Input\\ArgvInput), Object(Illuminate\\Console\\OutputStyle))
#31 /Users/xilolomacbook/Apps/Foodhunts-backend/vendor/symfony/console/Application.php(1117): Illuminate\\Console\\Command->run(Object(Symfony\\Component\\Console\\Input\\ArgvInput), Object(Symfony\\Component\\Console\\Output\\ConsoleOutput))
#32 /Users/xilolomacbook/Apps/Foodhunts-backend/vendor/symfony/console/Application.php(356): Symfony\\Component\\Console\\Application->doRunCommand(Object(Illuminate\\Foundation\\Console\\OptimizeClearCommand), Object(Symfony\\Component\\Console\\Input\\ArgvInput), Object(Symfony\\Component\\Console\\Output\\ConsoleOutput))
#33 /Users/xilolomacbook/Apps/Foodhunts-backend/vendor/symfony/console/Application.php(195): Symfony\\Component\\Console\\Application->doRun(Object(Symfony\\Component\\Console\\Input\\ArgvInput), Object(Symfony\\Component\\Console\\Output\\ConsoleOutput))
#34 /Users/xilolomacbook/Apps/Foodhunts-backend/vendor/laravel/framework/src/Illuminate/Foundation/Console/Kernel.php(198): Symfony\\Component\\Console\\Application->run(Object(Symfony\\Component\\Console\\Input\\ArgvInput), Object(Symfony\\Component\\Console\\Output\\ConsoleOutput))
#35 /Users/xilolomacbook/Apps/Foodhunts-backend/artisan(12): Illuminate\\Foundation\\Console\\Kernel->handle(Object(Symfony\\Component\\Console\\Input\\ArgvInput), Object(Symfony\\Component\\Console\\Output\\ConsoleOutput))
#36 {main}
"} 
[2026-07-30 09:16:09] local.ERROR: Unable to prepare route [api/v2/addresses] for serialization. Another route has already been assigned name [addresses.index]. {"exception":"[object] (LogicException(code: 0): Unable to prepare route [api/v2/addresses] for serialization. Another route has already been assigned name [addresses.index]. at /Users/xilolomacbook/Apps/Foodhunts-backend/vendor/laravel/framework/src/Illuminate/Routing/AbstractRouteCollection.php:257)
[stacktrace]
#0 /Users/xilolomacbook/Apps/Foodhunts-backend/vendor/laravel/framework/src/Illuminate/Routing/AbstractRouteCollection.php(221): Illuminate\\Routing\\AbstractRouteCollection->addToSymfonyRoutesCollection(Object(Symfony\\Component\\Routing\\RouteCollection), Object(Illuminate\\Routing\\Route))
#1 /Users/xilolomacbook/Apps/Foodhunts-backend/vendor/laravel/framework/src/Illuminate/Routing/RouteCollection.php(268): Illuminate\\Routing\\AbstractRouteCollection->toSymfonyRouteCollection()
#2 /Users/xilolomacbook/Apps/Foodhunts-backend/vendor/laravel/framework/src/Illuminate/Routing/AbstractRouteCollection.php(200): Illuminate\\Routing\\RouteCollection->toSymfonyRouteCollection()
#3 /Users/xilolomacbook/Apps/Foodhunts-backend/vendor/laravel/framework/src/Illuminate/Routing/AbstractRouteCollection.php(171): Illuminate\\Routing\\AbstractRouteCollection->dumper()
#4 /Users/xilolomacbook/Apps/Foodhunts-backend/vendor/laravel/framework/src/Illuminate/Foundation/Console/RouteCacheCommand.php(108): Illuminate\\Routing\\AbstractRouteCollection->compile()
#5 /Users/xilolomacbook/Apps/Foodhunts-backend/vendor/laravel/framework/src/Illuminate/Foundation/Console/RouteCacheCommand.php(67): Illuminate\\Foundation\\Console\\RouteCacheCommand->buildRouteCacheFile(Object(Illuminate\\Routing\\RouteCollection))
#6 /Users/xilolomacbook/Apps/Foodhunts-backend/vendor/laravel/framework/src/Illuminate/Container/BoundMethod.php(36): Illuminate\\Foundation\\Console\\RouteCacheCommand->handle()
#7 /Users/xilolomacbook/Apps/Foodhunts-backend/vendor/laravel/framework/src/Illuminate/Container/Util.php(43): Illuminate\\Container\\BoundMethod::Illuminate\\Container\\{closure}()
#8 /Users/xilolomacbook/Apps/Foodhunts-backend/vendor/laravel/framework/src/Illuminate/Container/BoundMethod.php(96): Illuminate\\Container\\Util::unwrapIfClosure(Object(Closure))
#9 /Users/xilolomacbook/Apps/Foodhunts-backend/vendor/laravel/framework/src/Illuminate/Container/BoundMethod.php(35): Illuminate\\Container\\BoundMethod::callBoundMethod(Object(Illuminate\\Foundation\\Application), Array, Object(Closure))
#10 /Users/xilolomacbook/Apps/Foodhunts-backend/vendor/laravel/framework/src/Illuminate/Container/Container.php(799): Illuminate\\Container\\BoundMethod::call(Object(Illuminate\\Foundation\\Application), Array, Array, NULL)
#11 /Users/xilolomacbook/Apps/Foodhunts-backend/vendor/laravel/framework/src/Illuminate/Console/Command.php(211): Illuminate\\Container\\Container->call(Array)
#12 /Users/xilolomacbook/Apps/Foodhunts-backend/vendor/symfony/console/Command/Command.php(341): Illuminate\\Console\\Command->execute(Object(Symfony\\Component\\Console\\Input\\ArgvInput), Object(Illuminate\\Console\\OutputStyle))
#13 /Users/xilolomacbook/Apps/Foodhunts-backend/vendor/laravel/framework/src/Illuminate/Console/Command.php(180): Symfony\\Component\\Console\\Command\\Command->run(Object(Symfony\\Component\\Console\\Input\\ArgvInput), Object(Illuminate\\Console\\OutputStyle))
#14 /Users/xilolomacbook/Apps/Foodhunts-backend/vendor/symfony/console/Application.php(1117): Illuminate\\Console\\Command->run(Object(Symfony\\Component\\Console\\Input\\ArgvInput), Object(Symfony\\Component\\Console\\Output\\ConsoleOutput))
#15 /Users/xilolomacbook/Apps/Foodhunts-backend/vendor/symfony/console/Application.php(356): Symfony\\Component\\Console\\Application->doRunCommand(Object(Illuminate\\Foundation\\Console\\RouteCacheCommand), Object(Symfony\\Component\\Console\\Input\\ArgvInput), Object(Symfony\\Component\\Console\\Output\\ConsoleOutput))
#16 /Users/xilolomacbook/Apps/Foodhunts-backend/vendor/symfony/console/Application.php(195): Symfony\\Component\\Console\\Application->doRun(Object(Symfony\\Component\\Console\\Input\\ArgvInput), Object(Symfony\\Component\\Console\\Output\\ConsoleOutput))
#17 /Users/xilolomacbook/Apps/Foodhunts-backend/vendor/laravel/framework/src/Illuminate/Foundation/Console/Kernel.php(198): Symfony\\Component\\Console\\Application->run(Object(Symfony\\Component\\Console\\Input\\ArgvInput), Object(Symfony\\Component\\Console\\Output\\ConsoleOutput))
#18 /Users/xilolomacbook/Apps/Foodhunts-backend/artisan(12): Illuminate\\Foundation\\Console\\Kernel->handle(Object(Symfony\\Component\\Console\\Input\\ArgvInput), Object(Symfony\\Component\\Console\\Output\\ConsoleOutput))
#19 {main}
"} 
[2026-07-30 09:16:10] local.ERROR: The "/Users/xilolomacbook/Apps/Foodhunts-backend/resources/views" directory does not exist. {"exception":"[object] (Symfony\\Component\\Finder\\Exception\\DirectoryNotFoundException(code: 0): The \"/Users/xilolomacbook/Apps/Foodhunts-backend/resources/views\" directory does not exist. at /Users/xilolomacbook/Apps/Foodhunts-backend/vendor/symfony/finder/Finder.php:648)
[stacktrace]
#0 /Users/xilolomacbook/Apps/Foodhunts-backend/vendor/laravel/framework/src/Illuminate/Foundation/Console/ViewCacheCommand.php(88): Symfony\\Component\\Finder\\Finder->in(Array)
#1 /Users/xilolomacbook/Apps/Foodhunts-backend/vendor/laravel/framework/src/Illuminate/Foundation/Console/ViewCacheCommand.php(43): Illuminate\\Foundation\\Console\\ViewCacheCommand->bladeFilesIn(Array)
#2 /Users/xilolomacbook/Apps/Foodhunts-backend/vendor/laravel/framework/src/Illuminate/Collections/Traits/EnumeratesValues.php(275): Illuminate\\Foundation\\Console\\ViewCacheCommand->Illuminate\\Foundation\\Console\\{closure}('/Users/xiloloma...', 0)
#3 /Users/xilolomacbook/Apps/Foodhunts-backend/vendor/laravel/framework/src/Illuminate/Foundation/Console/ViewCacheCommand.php(38): Illuminate\\Support\\Collection->each(Object(Closure))
#4 /Users/xilolomacbook/Apps/Foodhunts-backend/vendor/laravel/framework/src/Illuminate/Container/BoundMethod.php(36): Illuminate\\Foundation\\Console\\ViewCacheCommand->handle()
#5 /Users/xilolomacbook/Apps/Foodhunts-backend/vendor/laravel/framework/src/Illuminate/Container/Util.php(43): Illuminate\\Container\\BoundMethod::Illuminate\\Container\\{closure}()
#6 /Users/xilolomacbook/Apps/Foodhunts-backend/vendor/laravel/framework/src/Illuminate/Container/BoundMethod.php(96): Illuminate\\Container\\Util::unwrapIfClosure(Object(Closure))
#7 /Users/xilolomacbook/Apps/Foodhunts-backend/vendor/laravel/framework/src/Illuminate/Container/BoundMethod.php(35): Illuminate\\Container\\BoundMethod::callBoundMethod(Object(Illuminate\\Foundation\\Application), Array, Object(Closure))
#8 /Users/xilolomacbook/Apps/Foodhunts-backend/vendor/laravel/framework/src/Illuminate/Container/Container.php(799): Illuminate\\Container\\BoundMethod::call(Object(Illuminate\\Foundation\\Application), Array, Array, NULL)
#9 /Users/xilolomacbook/Apps/Foodhunts-backend/vendor/laravel/framework/src/Illuminate/Console/Command.php(211): Illuminate\\Container\\Container->call(Array)
#10 /Users/xilolomacbook/Apps/Foodhunts-backend/vendor/symfony/console/Command/Command.php(341): Illuminate\\Console\\Command->execute(Object(Symfony\\Component\\Console\\Input\\ArgvInput), Object(Illuminate\\Console\\OutputStyle))
#11 /Users/xilolomacbook/Apps/Foodhunts-backend/vendor/laravel/framework/src/Illuminate/Console/Command.php(180): Symfony\\Component\\Console\\Command\\Command->run(Object(Symfony\\Component\\Console\\Input\\ArgvInput), Object(Illuminate\\Console\\OutputStyle))
#12 /Users/xilolomacbook/Apps/Foodhunts-backend/vendor/symfony/console/Application.php(1117): Illuminate\\Console\\Command->run(Object(Symfony\\Component\\Console\\Input\\ArgvInput), Object(Symfony\\Component\\Console\\Output\\ConsoleOutput))
#13 /Users/xilolomacbook/Apps/Foodhunts-backend/vendor/symfony/console/Application.php(356): Symfony\\Component\\Console\\Application->doRunCommand(Object(Illuminate\\Foundation\\Console\\ViewCacheCommand), Object(Symfony\\Component\\Console\\Input\\ArgvInput), Object(Symfony\\Component\\Console\\Output\\ConsoleOutput))
#14 /Users/xilolomacbook/Apps/Foodhunts-backend/vendor/symfony/console/Application.php(195): Symfony\\Component\\Console\\Application->doRun(Object(Symfony\\Component\\Console\\Input\\ArgvInput), Object(Symfony\\Component\\Console\\Output\\ConsoleOutput))
#15 /Users/xilolomacbook/Apps/Foodhunts-backend/vendor/laravel/framework/src/Illuminate/Foundation/Console/Kernel.php(198): Symfony\\Component\\Console\\Application->run(Object(Symfony\\Component\\Console\\Input\\ArgvInput), Object(Symfony\\Component\\Console\\Output\\ConsoleOutput))
#16 /Users/xilolomacbook/Apps/Foodhunts-backend/artisan(12): Illuminate\\Foundation\\Console\\Kernel->handle(Object(Symfony\\Component\\Console\\Input\\ArgvInput), Object(Symfony\\Component\\Console\\Output\\ConsoleOutput))
#17 {main}
"} 
[2026-07-30 09:16:54] local.ERROR: Class "Redis" not found {"exception":"[object] (Error(code: 0): Class \"Redis\" not found at /Users/xilolomacbook/Apps/Foodhunts-backend/vendor/laravel/framework/src/Illuminate/Redis/Connectors/PhpRedisConnector.php:80)
[stacktrace]
#0 /Users/xilolomacbook/Apps/Foodhunts-backend/vendor/laravel/framework/src/Illuminate/Redis/Connectors/PhpRedisConnector.php(34): Illuminate\\Redis\\Connectors\\PhpRedisConnector->createClient(Array)
#1 /Users/xilolomacbook/Apps/Foodhunts-backend/vendor/laravel/framework/src/Illuminate/Redis/Connectors/PhpRedisConnector.php(39): Illuminate\\Redis\\Connectors\\PhpRedisConnector->Illuminate\\Redis\\Connectors\\{closure}()
#2 /Users/xilolomacbook/Apps/Foodhunts-backend/vendor/laravel/framework/src/Illuminate/Redis/RedisManager.php(111): Illuminate\\Redis\\Connectors\\PhpRedisConnector->connect(Array, Array)
#3 /Users/xilolomacbook/Apps/Foodhunts-backend/vendor/laravel/framework/src/Illuminate/Redis/RedisManager.php(92): Illuminate\\Redis\\RedisManager->resolve('cache')
#4 /Users/xilolomacbook/Apps/Foodhunts-backend/vendor/laravel/framework/src/Illuminate/Cache/RedisStore.php(377): Illuminate\\Redis\\RedisManager->connection('cache')
#5 /Users/xilolomacbook/Apps/Foodhunts-backend/vendor/laravel/framework/src/Illuminate/Cache/RedisStore.php(284): Illuminate\\Cache\\RedisStore->connection()
#6 /Users/xilolomacbook/Apps/Foodhunts-backend/vendor/laravel/framework/src/Illuminate/Cache/Repository.php(979): Illuminate\\Cache\\RedisStore->flush()
#7 /Users/xilolomacbook/Apps/Foodhunts-backend/vendor/laravel/framework/src/Illuminate/Cache/Console/ClearCommand.php(68): Illuminate\\Cache\\Repository->__call('flush', Array)
#8 /Users/xilolomacbook/Apps/Foodhunts-backend/vendor/laravel/framework/src/Illuminate/Container/BoundMethod.php(36): Illuminate\\Cache\\Console\\ClearCommand->handle()
#9 /Users/xilolomacbook/Apps/Foodhunts-backend/vendor/laravel/framework/src/Illuminate/Container/Util.php(43): Illuminate\\Container\\BoundMethod::Illuminate\\Container\\{closure}()
#10 /Users/xilolomacbook/Apps/Foodhunts-backend/vendor/laravel/framework/src/Illuminate/Container/BoundMethod.php(96): Illuminate\\Container\\Util::unwrapIfClosure(Object(Closure))
#11 /Users/xilolomacbook/Apps/Foodhunts-backend/vendor/laravel/framework/src/Illuminate/Container/BoundMethod.php(35): Illuminate\\Container\\BoundMethod::callBoundMethod(Object(Illuminate\\Foundation\\Application), Array, Object(Closure))
#12 /Users/xilolomacbook/Apps/Foodhunts-backend/vendor/laravel/framework/src/Illuminate/Container/Container.php(799): Illuminate\\Container\\BoundMethod::call(Object(Illuminate\\Foundation\\Application), Array, Array, NULL)
#13 /Users/xilolomacbook/Apps/Foodhunts-backend/vendor/laravel/framework/src/Illuminate/Console/Command.php(211): Illuminate\\Container\\Container->call(Array)
#14 /Users/xilolomacbook/Apps/Foodhunts-backend/vendor/symfony/console/Command/Command.php(341): Illuminate\\Console\\Command->execute(Object(Symfony\\Component\\Console\\Input\\ArrayInput), Object(Illuminate\\Console\\OutputStyle))
#15 /Users/xilolomacbook/Apps/Foodhunts-backend/vendor/laravel/framework/src/Illuminate/Console/Command.php(180): Symfony\\Component\\Console\\Command\\Command->run(Object(Symfony\\Component\\Console\\Input\\ArrayInput), Object(Illuminate\\Console\\OutputStyle))
#16 /Users/xilolomacbook/Apps/Foodhunts-backend/vendor/laravel/framework/src/Illuminate/Console/Concerns/CallsCommands.php(68): Illuminate\\Console\\Command->run(Object(Symfony\\Component\\Console\\Input\\ArrayInput), Object(Symfony\\Component\\Console\\Output\\NullOutput))
#17 /Users/xilolomacbook/Apps/Foodhunts-backend/vendor/laravel/framework/src/Illuminate/Console/Concerns/CallsCommands.php(41): Illuminate\\Console\\Command->runCommand('cache:clear', Array, Object(Symfony\\Component\\Console\\Output\\NullOutput))
#18 /Users/xilolomacbook/Apps/Foodhunts-backend/vendor/laravel/framework/src/Illuminate/Console/Concerns/CallsCommands.php(53): Illuminate\\Console\\Command->callSilent('cache:clear', Array)
#19 /Users/xilolomacbook/Apps/Foodhunts-backend/vendor/laravel/framework/src/Illuminate/Foundation/Console/OptimizeClearCommand.php(48): Illuminate\\Console\\Command->callSilently('cache:clear')
#20 /Users/xilolomacbook/Apps/Foodhunts-backend/vendor/laravel/framework/src/Illuminate/Console/View/Components/Task.php(41): Illuminate\\Foundation\\Console\\OptimizeClearCommand->Illuminate\\Foundation\\Console\\{closure}()
#21 /Users/xilolomacbook/Apps/Foodhunts-backend/vendor/laravel/framework/src/Illuminate/Console/View/Components/Factory.php(59): Illuminate\\Console\\View\\Components\\Task->render('cache', Object(Closure))
#22 /Users/xilolomacbook/Apps/Foodhunts-backend/vendor/laravel/framework/src/Illuminate/Foundation/Console/OptimizeClearCommand.php(48): Illuminate\\Console\\View\\Components\\Factory->__call('task', Array)
#23 /Users/xilolomacbook/Apps/Foodhunts-backend/vendor/laravel/framework/src/Illuminate/Container/BoundMethod.php(36): Illuminate\\Foundation\\Console\\OptimizeClearCommand->handle()
#24 /Users/xilolomacbook/Apps/Foodhunts-backend/vendor/laravel/framework/src/Illuminate/Container/Util.php(43): Illuminate\\Container\\BoundMethod::Illuminate\\Container\\{closure}()
#25 /Users/xilolomacbook/Apps/Foodhunts-backend/vendor/laravel/framework/src/Illuminate/Container/BoundMethod.php(96): Illuminate\\Container\\Util::unwrapIfClosure(Object(Closure))
#26 /Users/xilolomacbook/Apps/Foodhunts-backend/vendor/laravel/framework/src/Illuminate/Container/BoundMethod.php(35): Illuminate\\Container\\BoundMethod::callBoundMethod(Object(Illuminate\\Foundation\\Application), Array, Object(Closure))
#27 /Users/xilolomacbook/Apps/Foodhunts-backend/vendor/laravel/framework/src/Illuminate/Container/Container.php(799): Illuminate\\Container\\BoundMethod::call(Object(Illuminate\\Foundation\\Application), Array, Array, NULL)
#28 /Users/xilolomacbook/Apps/Foodhunts-backend/vendor/laravel/framework/src/Illuminate/Console/Command.php(211): Illuminate\\Container\\Container->call(Array)
#29 /Users/xilolomacbook/Apps/Foodhunts-backend/vendor/symfony/console/Command/Command.php(341): Illuminate\\Console\\Command->execute(Object(Symfony\\Component\\Console\\Input\\ArgvInput), Object(Illuminate\\Console\\OutputStyle))
#30 /Users/xilolomacbook/Apps/Foodhunts-backend/vendor/laravel/framework/src/Illuminate/Console/Command.php(180): Symfony\\Component\\Console\\Command\\Command->run(Object(Symfony\\Component\\Console\\Input\\ArgvInput), Object(Illuminate\\Console\\OutputStyle))
#31 /Users/xilolomacbook/Apps/Foodhunts-backend/vendor/symfony/console/Application.php(1117): Illuminate\\Console\\Command->run(Object(Symfony\\Component\\Console\\Input\\ArgvInput), Object(Symfony\\Component\\Console\\Output\\ConsoleOutput))
#32 /Users/xilolomacbook/Apps/Foodhunts-backend/vendor/symfony/console/Application.php(356): Symfony\\Component\\Console\\Application->doRunCommand(Object(Illuminate\\Foundation\\Console\\OptimizeClearCommand), Object(Symfony\\Component\\Console\\Input\\ArgvInput), Object(Symfony\\Component\\Console\\Output\\ConsoleOutput))
#33 /Users/xilolomacbook/Apps/Foodhunts-backend/vendor/symfony/console/Application.php(195): Symfony\\Component\\Console\\Application->doRun(Object(Symfony\\Component\\Console\\Input\\ArgvInput), Object(Symfony\\Component\\Console\\Output\\ConsoleOutput))
#34 /Users/xilolomacbook/Apps/Foodhunts-backend/vendor/laravel/framework/src/Illuminate/Foundation/Console/Kernel.php(198): Symfony\\Component\\Console\\Application->run(Object(Symfony\\Component\\Console\\Input\\ArgvInput), Object(Symfony\\Component\\Console\\Output\\ConsoleOutput))
#35 /Users/xilolomacbook/Apps/Foodhunts-backend/artisan(12): Illuminate\\Foundation\\Console\\Kernel->handle(Object(Symfony\\Component\\Console\\Input\\ArgvInput), Object(Symfony\\Component\\Console\\Output\\ConsoleOutput))
#36 {main}
"} 
[2026-07-30 09:17:29] local.ERROR: Route [login] not defined. {"exception":"[object] (Symfony\\Component\\Routing\\Exception\\RouteNotFoundException(code: 0): Route [login] not defined. at /Users/xilolomacbook/Apps/Foodhunts-backend/vendor/laravel/framework/src/Illuminate/Routing/UrlGenerator.php:534)
[stacktrace]
#0 /Users/xilolomacbook/Apps/Foodhunts-backend/vendor/laravel/framework/src/Illuminate/Foundation/helpers.php(870): Illuminate\\Routing\\UrlGenerator->route('login', Array, true)
#1 /Users/xilolomacbook/Apps/Foodhunts-backend/vendor/laravel/framework/src/Illuminate/Foundation/Configuration/ApplicationBuilder.php(278): route('login')
#2 [internal function]: Illuminate\\Foundation\\Configuration\\ApplicationBuilder->Illuminate\\Foundation\\Configuration\\{closure}(Object(Illuminate\\Http\\Request))
#3 /Users/xilolomacbook/Apps/Foodhunts-backend/vendor/laravel/framework/src/Illuminate/Auth/Middleware/Authenticate.php(117): call_user_func(Object(Closure), Object(Illuminate\\Http\\Request))
#4 /Users/xilolomacbook/Apps/Foodhunts-backend/vendor/laravel/framework/src/Illuminate/Auth/Middleware/Authenticate.php(104): Illuminate\\Auth\\Middleware\\Authenticate->redirectTo(Object(Illuminate\\Http\\Request))
#5 /Users/xilolomacbook/Apps/Foodhunts-backend/vendor/laravel/framework/src/Illuminate/Auth/Middleware/Authenticate.php(87): Illuminate\\Auth\\Middleware\\Authenticate->unauthenticated(Object(Illuminate\\Http\\Request), Array)
#6 /Users/xilolomacbook/Apps/Foodhunts-backend/vendor/laravel/framework/src/Illuminate/Auth/Middleware/Authenticate.php(61): Illuminate\\Auth\\Middleware\\Authenticate->authenticate(Object(Illuminate\\Http\\Request), Array)
#7 /Users/xilolomacbook/Apps/Foodhunts-backend/vendor/laravel/framework/src/Illuminate/Pipeline/Pipeline.php(219): Illuminate\\Auth\\Middleware\\Authenticate->handle(Object(Illuminate\\Http\\Request), Object(Closure), 'sanctum')
#8 /Users/xilolomacbook/Apps/Foodhunts-backend/vendor/laravel/framework/src/Illuminate/Pipeline/Pipeline.php(137): Illuminate\\Pipeline\\Pipeline->Illuminate\\Pipeline\\{closure}(Object(Illuminate\\Http\\Request))
#9 /Users/xilolomacbook/Apps/Foodhunts-backend/vendor/laravel/framework/src/Illuminate/Routing/Router.php(821): Illuminate\\Pipeline\\Pipeline->then(Object(Closure))
#10 /Users/xilolomacbook/Apps/Foodhunts-backend/vendor/laravel/framework/src/Illuminate/Routing/Router.php(800): Illuminate\\Routing\\Router->runRouteWithinStack(Object(Illuminate\\Routing\\Route), Object(Illuminate\\Http\\Request))
#11 /Users/xilolomacbook/Apps/Foodhunts-backend/vendor/laravel/framework/src/Illuminate/Routing/Router.php(764): Illuminate\\Routing\\Router->runRoute(Object(Illuminate\\Http\\Request), Object(Illuminate\\Routing\\Route))
#12 /Users/xilolomacbook/Apps/Foodhunts-backend/vendor/laravel/framework/src/Illuminate/Routing/Router.php(753): Illuminate\\Routing\\Router->dispatchToRoute(Object(Illuminate\\Http\\Request))
#13 /Users/xilolomacbook/Apps/Foodhunts-backend/vendor/laravel/framework/src/Illuminate/Foundation/Http/Kernel.php(200): Illuminate\\Routing\\Router->dispatch(Object(Illuminate\\Http\\Request))
#14 /Users/xilolomacbook/Apps/Foodhunts-backend/vendor/laravel/framework/src/Illuminate/Pipeline/Pipeline.php(180): Illuminate\\Foundation\\Http\\Kernel->Illuminate\\Foundation\\Http\\{closure}(Object(Illuminate\\Http\\Request))
#15 /Users/xilolomacbook/Apps/Foodhunts-backend/vendor/laravel/framework/src/Illuminate/Foundation/Http/Middleware/TransformsRequest.php(21): Illuminate\\Pipeline\\Pipeline->Illuminate\\Pipeline\\{closure}(Object(Illuminate\\Http\\Request))
#16 /Users/xilolomacbook/Apps/Foodhunts-backend/vendor/laravel/framework/src/Illuminate/Foundation/Http/Middleware/ConvertEmptyStringsToNull.php(31): Illuminate\\Foundation\\Http\\Middleware\\TransformsRequest->handle(Object(Illuminate\\Http\\Request), Object(Closure))
#17 /Users/xilolomacbook/Apps/Foodhunts-backend/vendor/laravel/framework/src/Illuminate/Pipeline/Pipeline.php(219): Illuminate\\Foundation\\Http\\Middleware\\ConvertEmptyStringsToNull->handle(Object(Illuminate\\Http\\Request), Object(Closure))
#18 /Users/xilolomacbook/Apps/Foodhunts-backend/vendor/laravel/framework/src/Illuminate/Foundation/Http/Middleware/TransformsRequest.php(21): Illuminate\\Pipeline\\Pipeline->Illuminate\\Pipeline\\{closure}(Object(Illuminate\\Http\\Request))
#19 /Users/xilolomacbook/Apps/Foodhunts-backend/vendor/laravel/framework/src/Illuminate/Foundation/Http/Middleware/TrimStrings.php(51): Illuminate\\Foundation\\Http\\Middleware\\TransformsRequest->handle(Object(Illuminate\\Http\\Request), Object(Closure))
#20 /Users/xilolomacbook/Apps/Foodhunts-backend/vendor/laravel/framework/src/Illuminate/Pipeline/Pipeline.php(219): Illuminate\\Foundation\\Http\\Middleware\\TrimStrings->handle(Object(Illuminate\\Http\\Request), Object(Closure))
#21 /Users/xilolomacbook/Apps/Foodhunts-backend/vendor/laravel/framework/src/Illuminate/Http/Middleware/ValidatePostSize.php(27): Illuminate\\Pipeline\\Pipeline->Illuminate\\Pipeline\\{closure}(Object(Illuminate\\Http\\Request))
#22 /Users/xilolomacbook/Apps/Foodhunts-backend/vendor/laravel/framework/src/Illuminate/Pipeline/Pipeline.php(219): Illuminate\\Http\\Middleware\\ValidatePostSize->handle(Object(Illuminate\\Http\\Request), Object(Closure))
#23 /Users/xilolomacbook/Apps/Foodhunts-backend/vendor/laravel/framework/src/Illuminate/Foundation/Http/Middleware/PreventRequestsDuringMaintenance.php(109): Illuminate\\Pipeline\\Pipeline->Illuminate\\Pipeline\\{closure}(Object(Illuminate\\Http\\Request))
#24 /Users/xilolomacbook/Apps/Foodhunts-backend/vendor/laravel/framework/src/Illuminate/Pipeline/Pipeline.php(219): Illuminate\\Foundation\\Http\\Middleware\\PreventRequestsDuringMaintenance->handle(Object(Illuminate\\Http\\Request), Object(Closure))
#25 /Users/xilolomacbook/Apps/Foodhunts-backend/vendor/laravel/framework/src/Illuminate/Http/Middleware/HandleCors.php(74): Illuminate\\Pipeline\\Pipeline->Illuminate\\Pipeline\\{closure}(Object(Illuminate\\Http\\Request))
#26 /Users/xilolomacbook/Apps/Foodhunts-backend/vendor/laravel/framework/src/Illuminate/Pipeline/Pipeline.php(219): Illuminate\\Http\\Middleware\\HandleCors->handle(Object(Illuminate\\Http\\Request), Object(Closure))
#27 /Users/xilolomacbook/Apps/Foodhunts-backend/vendor/laravel/framework/src/Illuminate/Http/Middleware/TrustProxies.php(58): Illuminate\\Pipeline\\Pipeline->Illuminate\\Pipeline\\{closure}(Object(Illuminate\\Http\\Request))
#28 /Users/xilolomacbook/Apps/Foodhunts-backend/vendor/laravel/framework/src/Illuminate/Pipeline/Pipeline.php(219): Illuminate\\Http\\Middleware\\TrustProxies->handle(Object(Illuminate\\Http\\Request), Object(Closure))
#29 /Users/xilolomacbook/Apps/Foodhunts-backend/vendor/laravel/framework/src/Illuminate/Foundation/Http/Middleware/InvokeDeferredCallbacks.php(22): Illuminate\\Pipeline\\Pipeline->Illuminate\\Pipeline\\{closure}(Object(Illuminate\\Http\\Request))
#30 /Users/xilolomacbook/Apps/Foodhunts-backend/vendor/laravel/framework/src/Illuminate/Pipeline/Pipeline.php(219): Illuminate\\Foundation\\Http\\Middleware\\InvokeDeferredCallbacks->handle(Object(Illuminate\\Http\\Request), Object(Closure))
#31 /Users/xilolomacbook/Apps/Foodhunts-backend/vendor/laravel/framework/src/Illuminate/Http/Middleware/ValidatePathEncoding.php(26): Illuminate\\Pipeline\\Pipeline->Illuminate\\Pipeline\\{closure}(Object(Illuminate\\Http\\Request))
#32 /Users/xilolomacbook/Apps/Foodhunts-backend/vendor/laravel/framework/src/Illuminate/Pipeline/Pipeline.php(219): Illuminate\\Http\\Middleware\\ValidatePathEncoding->handle(Object(Illuminate\\Http\\Request), Object(Closure))
#33 /Users/xilolomacbook/Apps/Foodhunts-backend/vendor/laravel/framework/src/Illuminate/Pipeline/Pipeline.php(137): Illuminate\\Pipeline\\Pipeline->Illuminate\\Pipeline\\{closure}(Object(Illuminate\\Http\\Request))
#34 /Users/xilolomacbook/Apps/Foodhunts-backend/vendor/laravel/framework/src/Illuminate/Foundation/Http/Kernel.php(175): Illuminate\\Pipeline\\Pipeline->then(Object(Closure))
#35 /Users/xilolomacbook/Apps/Foodhunts-backend/vendor/laravel/framework/src/Illuminate/Foundation/Http/Kernel.php(144): Illuminate\\Foundation\\Http\\Kernel->sendRequestThroughRouter(Object(Illuminate\\Http\\Request))
#36 /Users/xilolomacbook/Apps/Foodhunts-backend/vendor/laravel/framework/src/Illuminate/Foundation/Application.php(1220): Illuminate\\Foundation\\Http\\Kernel->handle(Object(Illuminate\\Http\\Request))
#37 /Users/xilolomacbook/Apps/Foodhunts-backend/public/index.php(16): Illuminate\\Foundation\\Application->handleRequest(Object(Illuminate\\Http\\Request))
#38 /Users/xilolomacbook/Apps/Foodhunts-backend/vendor/laravel/framework/src/Illuminate/Foundation/resources/server.php(23): require_once('/Users/xiloloma...')
#39 {main}
"} 
[2026-07-30 09:17:29] local.ERROR: Route [login] not defined. {"exception":"[object] (Symfony\\Component\\Routing\\Exception\\RouteNotFoundException(code: 0): Route [login] not defined. at /Users/xilolomacbook/Apps/Foodhunts-backend/vendor/laravel/framework/src/Illuminate/Routing/UrlGenerator.php:534)
[stacktrace]
#0 /Users/xilolomacbook/Apps/Foodhunts-backend/vendor/laravel/framework/src/Illuminate/Foundation/helpers.php(870): Illuminate\\Routing\\UrlGenerator->route('login', Array, true)
#1 /Users/xilolomacbook/Apps/Foodhunts-backend/vendor/laravel/framework/src/Illuminate/Foundation/Configuration/ApplicationBuilder.php(278): route('login')
#2 [internal function]: Illuminate\\Foundation\\Configuration\\ApplicationBuilder->Illuminate\\Foundation\\Configuration\\{closure}(Object(Illuminate\\Http\\Request))
#3 /Users/xilolomacbook/Apps/Foodhunts-backend/vendor/laravel/framework/src/Illuminate/Auth/Middleware/Authenticate.php(117): call_user_func(Object(Closure), Object(Illuminate\\Http\\Request))
#4 /Users/xilolomacbook/Apps/Foodhunts-backend/vendor/laravel/framework/src/Illuminate/Auth/Middleware/Authenticate.php(104): Illuminate\\Auth\\Middleware\\Authenticate->redirectTo(Object(Illuminate\\Http\\Request))
#5 /Users/xilolomacbook/Apps/Foodhunts-backend/vendor/laravel/framework/src/Illuminate/Auth/Middleware/Authenticate.php(87): Illuminate\\Auth\\Middleware\\Authenticate->unauthenticated(Object(Illuminate\\Http\\Request), Array)
#6 /Users/xilolomacbook/Apps/Foodhunts-backend/vendor/laravel/framework/src/Illuminate/Auth/Middleware/Authenticate.php(61): Illuminate\\Auth\\Middleware\\Authenticate->authenticate(Object(Illuminate\\Http\\Request), Array)
#7 /Users/xilolomacbook/Apps/Foodhunts-backend/vendor/laravel/framework/src/Illuminate/Pipeline/Pipeline.php(219): Illuminate\\Auth\\Middleware\\Authenticate->handle(Object(Illuminate\\Http\\Request), Object(Closure), 'sanctum')
#8 /Users/xilolomacbook/Apps/Foodhunts-backend/vendor/laravel/framework/src/Illuminate/Pipeline/Pipeline.php(137): Illuminate\\Pipeline\\Pipeline->Illuminate\\Pipeline\\{closure}(Object(Illuminate\\Http\\Request))
#9 /Users/xilolomacbook/Apps/Foodhunts-backend/vendor/laravel/framework/src/Illuminate/Routing/Router.php(821): Illuminate\\Pipeline\\Pipeline->then(Object(Closure))
#10 /Users/xilolomacbook/Apps/Foodhunts-backend/vendor/laravel/framework/src/Illuminate/Routing/Router.php(800): Illuminate\\Routing\\Router->runRouteWithinStack(Object(Illuminate\\Routing\\Route), Object(Illuminate\\Http\\Request))
#11 /Users/xilolomacbook/Apps/Foodhunts-backend/vendor/laravel/framework/src/Illuminate/Routing/Router.php(764): Illuminate\\Routing\\Router->runRoute(Object(Illuminate\\Http\\Request), Object(Illuminate\\Routing\\Route))
#12 /Users/xilolomacbook/Apps/Foodhunts-backend/vendor/laravel/framework/src/Illuminate/Routing/Router.php(753): Illuminate\\Routing\\Router->dispatchToRoute(Object(Illuminate\\Http\\Request))
#13 /Users/xilolomacbook/Apps/Foodhunts-backend/vendor/laravel/framework/src/Illuminate/Foundation/Http/Kernel.php(200): Illuminate\\Routing\\Router->dispatch(Object(Illuminate\\Http\\Request))
#14 /Users/xilolomacbook/Apps/Foodhunts-backend/vendor/laravel/framework/src/Illuminate/Pipeline/Pipeline.php(180): Illuminate\\Foundation\\Http\\Kernel->Illuminate\\Foundation\\Http\\{closure}(Object(Illuminate\\Http\\Request))
#15 /Users/xilolomacbook/Apps/Foodhunts-backend/vendor/laravel/framework/src/Illuminate/Foundation/Http/Middleware/TransformsRequest.php(21): Illuminate\\Pipeline\\Pipeline->Illuminate\\Pipeline\\{closure}(Object(Illuminate\\Http\\Request))
#16 /Users/xilolomacbook/Apps/Foodhunts-backend/vendor/laravel/framework/src/Illuminate/Foundation/Http/Middleware/ConvertEmptyStringsToNull.php(31): Illuminate\\Foundation\\Http\\Middleware\\TransformsRequest->handle(Object(Illuminate\\Http\\Request), Object(Closure))
#17 /Users/xilolomacbook/Apps/Foodhunts-backend/vendor/laravel/framework/src/Illuminate/Pipeline/Pipeline.php(219): Illuminate\\Foundation\\Http\\Middleware\\ConvertEmptyStringsToNull->handle(Object(Illuminate\\Http\\Request), Object(Closure))
#18 /Users/xilolomacbook/Apps/Foodhunts-backend/vendor/laravel/framework/src/Illuminate/Foundation/Http/Middleware/TransformsRequest.php(21): Illuminate\\Pipeline\\Pipeline->Illuminate\\Pipeline\\{closure}(Object(Illuminate\\Http\\Request))
#19 /Users/xilolomacbook/Apps/Foodhunts-backend/vendor/laravel/framework/src/Illuminate/Foundation/Http/Middleware/TrimStrings.php(51): Illuminate\\Foundation\\Http\\Middleware\\TransformsRequest->handle(Object(Illuminate\\Http\\Request), Object(Closure))
#20 /Users/xilolomacbook/Apps/Foodhunts-backend/vendor/laravel/framework/src/Illuminate/Pipeline/Pipeline.php(219): Illuminate\\Foundation\\Http\\Middleware\\TrimStrings->handle(Object(Illuminate\\Http\\Request), Object(Closure))
#21 /Users/xilolomacbook/Apps/Foodhunts-backend/vendor/laravel/framework/src/Illuminate/Http/Middleware/ValidatePostSize.php(27): Illuminate\\Pipeline\\Pipeline->Illuminate\\Pipeline\\{closure}(Object(Illuminate\\Http\\Request))
#22 /Users/xilolomacbook/Apps/Foodhunts-backend/vendor/laravel/framework/src/Illuminate/Pipeline/Pipeline.php(219): Illuminate\\Http\\Middleware\\ValidatePostSize->handle(Object(Illuminate\\Http\\Request), Object(Closure))
#23 /Users/xilolomacbook/Apps/Foodhunts-backend/vendor/laravel/framework/src/Illuminate/Foundation/Http/Middleware/PreventRequestsDuringMaintenance.php(109): Illuminate\\Pipeline\\Pipeline->Illuminate\\Pipeline\\{closure}(Object(Illuminate\\Http\\Request))
#24 /Users/xilolomacbook/Apps/Foodhunts-backend/vendor/laravel/framework/src/Illuminate/Pipeline/Pipeline.php(219): Illuminate\\Foundation\\Http\\Middleware\\PreventRequestsDuringMaintenance->handle(Object(Illuminate\\Http\\Request), Object(Closure))
#25 /Users/xilolomacbook/Apps/Foodhunts-backend/vendor/laravel/framework/src/Illuminate/Http/Middleware/HandleCors.php(74): Illuminate\\Pipeline\\Pipeline->Illuminate\\Pipeline\\{closure}(Object(Illuminate\\Http\\Request))
#26 /Users/xilolomacbook/Apps/Foodhunts-backend/vendor/laravel/framework/src/Illuminate/Pipeline/Pipeline.php(219): Illuminate\\Http\\Middleware\\HandleCors->handle(Object(Illuminate\\Http\\Request), Object(Closure))
#27 /Users/xilolomacbook/Apps/Foodhunts-backend/vendor/laravel/framework/src/Illuminate/Http/Middleware/TrustProxies.php(58): Illuminate\\Pipeline\\Pipeline->Illuminate\\Pipeline\\{closure}(Object(Illuminate\\Http\\Request))
#28 /Users/xilolomacbook/Apps/Foodhunts-backend/vendor/laravel/framework/src/Illuminate/Pipeline/Pipeline.php(219): Illuminate\\Http\\Middleware\\TrustProxies->handle(Object(Illuminate\\Http\\Request), Object(Closure))
#29 /Users/xilolomacbook/Apps/Foodhunts-backend/vendor/laravel/framework/src/Illuminate/Foundation/Http/Middleware/InvokeDeferredCallbacks.php(22): Illuminate\\Pipeline\\Pipeline->Illuminate\\Pipeline\\{closure}(Object(Illuminate\\Http\\Request))
#30 /Users/xilolomacbook/Apps/Foodhunts-backend/vendor/laravel/framework/src/Illuminate/Pipeline/Pipeline.php(219): Illuminate\\Foundation\\Http\\Middleware\\InvokeDeferredCallbacks->handle(Object(Illuminate\\Http\\Request), Object(Closure))
#31 /Users/xilolomacbook/Apps/Foodhunts-backend/vendor/laravel/framework/src/Illuminate/Http/Middleware/ValidatePathEncoding.php(26): Illuminate\\Pipeline\\Pipeline->Illuminate\\Pipeline\\{closure}(Object(Illuminate\\Http\\Request))
#32 /Users/xilolomacbook/Apps/Foodhunts-backend/vendor/laravel/framework/src/Illuminate/Pipeline/Pipeline.php(219): Illuminate\\Http\\Middleware\\ValidatePathEncoding->handle(Object(Illuminate\\Http\\Request), Object(Closure))
#33 /Users/xilolomacbook/Apps/Foodhunts-backend/vendor/laravel/framework/src/Illuminate/Pipeline/Pipeline.php(137): Illuminate\\Pipeline\\Pipeline->Illuminate\\Pipeline\\{closure}(Object(Illuminate\\Http\\Request))
#34 /Users/xilolomacbook/Apps/Foodhunts-backend/vendor/laravel/framework/src/Illuminate/Foundation/Http/Kernel.php(175): Illuminate\\Pipeline\\Pipeline->then(Object(Closure))
#35 /Users/xilolomacbook/Apps/Foodhunts-backend/vendor/laravel/framework/src/Illuminate/Foundation/Http/Kernel.php(144): Illuminate\\Foundation\\Http\\Kernel->sendRequestThroughRouter(Object(Illuminate\\Http\\Request))
#36 /Users/xilolomacbook/Apps/Foodhunts-backend/vendor/laravel/framework/src/Illuminate/Foundation/Application.php(1220): Illuminate\\Foundation\\Http\\Kernel->handle(Object(Illuminate\\Http\\Request))
#37 /Users/xilolomacbook/Apps/Foodhunts-backend/public/index.php(16): Illuminate\\Foundation\\Application->handleRequest(Object(Illuminate\\Http\\Request))
#38 /Users/xilolomacbook/Apps/Foodhunts-backend/vendor/laravel/framework/src/Illuminate/Foundation/resources/server.php(23): require_once('/Users/xiloloma...')
#39 {main}
"} 
[2026-07-30 09:18:26] local.ERROR: Class "Redis" not found {"exception":"[object] (Error(code: 0): Class \"Redis\" not found at /Users/xilolomacbook/Apps/Foodhunts-backend/vendor/laravel/framework/src/Illuminate/Redis/Connectors/PhpRedisConnector.php:80)
[stacktrace]
#0 /Users/xilolomacbook/Apps/Foodhunts-backend/vendor/laravel/framework/src/Illuminate/Redis/Connectors/PhpRedisConnector.php(34): Illuminate\\Redis\\Connectors\\PhpRedisConnector->createClient(Array)
#1 /Users/xilolomacbook/Apps/Foodhunts-backend/vendor/laravel/framework/src/Illuminate/Redis/Connectors/PhpRedisConnector.php(39): Illuminate\\Redis\\Connectors\\PhpRedisConnector->Illuminate\\Redis\\Connectors\\{closure}()
#2 /Users/xilolomacbook/Apps/Foodhunts-backend/vendor/laravel/framework/src/Illuminate/Redis/RedisManager.php(111): Illuminate\\Redis\\Connectors\\PhpRedisConnector->connect(Array, Array)
#3 /Users/xilolomacbook/Apps/Foodhunts-backend/vendor/laravel/framework/src/Illuminate/Redis/RedisManager.php(92): Illuminate\\Redis\\RedisManager->resolve('cache')
#4 /Users/xilolomacbook/Apps/Foodhunts-backend/vendor/laravel/framework/src/Illuminate/Cache/RedisStore.php(377): Illuminate\\Redis\\RedisManager->connection('cache')
#5 /Users/xilolomacbook/Apps/Foodhunts-backend/vendor/laravel/framework/src/Illuminate/Cache/RedisStore.php(284): Illuminate\\Cache\\RedisStore->connection()
#6 /Users/xilolomacbook/Apps/Foodhunts-backend/vendor/laravel/framework/src/Illuminate/Cache/Repository.php(979): Illuminate\\Cache\\RedisStore->flush()
#7 /Users/xilolomacbook/Apps/Foodhunts-backend/vendor/laravel/framework/src/Illuminate/Cache/Console/ClearCommand.php(68): Illuminate\\Cache\\Repository->__call('flush', Array)
#8 /Users/xilolomacbook/Apps/Foodhunts-backend/vendor/laravel/framework/src/Illuminate/Container/BoundMethod.php(36): Illuminate\\Cache\\Console\\ClearCommand->handle()
#9 /Users/xilolomacbook/Apps/Foodhunts-backend/vendor/laravel/framework/src/Illuminate/Container/Util.php(43): Illuminate\\Container\\BoundMethod::Illuminate\\Container\\{closure}()
#10 /Users/xilolomacbook/Apps/Foodhunts-backend/vendor/laravel/framework/src/Illuminate/Container/BoundMethod.php(96): Illuminate\\Container\\Util::unwrapIfClosure(Object(Closure))
#11 /Users/xilolomacbook/Apps/Foodhunts-backend/vendor/laravel/framework/src/Illuminate/Container/BoundMethod.php(35): Illuminate\\Container\\BoundMethod::callBoundMethod(Object(Illuminate\\Foundation\\Application), Array, Object(Closure))
#12 /Users/xilolomacbook/Apps/Foodhunts-backend/vendor/laravel/framework/src/Illuminate/Container/Container.php(799): Illuminate\\Container\\BoundMethod::call(Object(Illuminate\\Foundation\\Application), Array, Array, NULL)
#13 /Users/xilolomacbook/Apps/Foodhunts-backend/vendor/laravel/framework/src/Illuminate/Console/Command.php(211): Illuminate\\Container\\Container->call(Array)
#14 /Users/xilolomacbook/Apps/Foodhunts-backend/vendor/symfony/console/Command/Command.php(341): Illuminate\\Console\\Command->execute(Object(Symfony\\Component\\Console\\Input\\ArrayInput), Object(Illuminate\\Console\\OutputStyle))
#15 /Users/xilolomacbook/Apps/Foodhunts-backend/vendor/laravel/framework/src/Illuminate/Console/Command.php(180): Symfony\\Component\\Console\\Command\\Command->run(Object(Symfony\\Component\\Console\\Input\\ArrayInput), Object(Illuminate\\Console\\OutputStyle))
#16 /Users/xilolomacbook/Apps/Foodhunts-backend/vendor/laravel/framework/src/Illuminate/Console/Concerns/CallsCommands.php(68): Illuminate\\Console\\Command->run(Object(Symfony\\Component\\Console\\Input\\ArrayInput), Object(Symfony\\Component\\Console\\Output\\NullOutput))
#17 /Users/xilolomacbook/Apps/Foodhunts-backend/vendor/laravel/framework/src/Illuminate/Console/Concerns/CallsCommands.php(41): Illuminate\\Console\\Command->runCommand('cache:clear', Array, Object(Symfony\\Component\\Console\\Output\\NullOutput))
#18 /Users/xilolomacbook/Apps/Foodhunts-backend/vendor/laravel/framework/src/Illuminate/Console/Concerns/CallsCommands.php(53): Illuminate\\Console\\Command->callSilent('cache:clear', Array)
#19 /Users/xilolomacbook/Apps/Foodhunts-backend/vendor/laravel/framework/src/Illuminate/Foundation/Console/OptimizeClearCommand.php(48): Illuminate\\Console\\Command->callSilently('cache:clear')
#20 /Users/xilolomacbook/Apps/Foodhunts-backend/vendor/laravel/framework/src/Illuminate/Console/View/Components/Task.php(41): Illuminate\\Foundation\\Console\\OptimizeClearCommand->Illuminate\\Foundation\\Console\\{closure}()
#21 /Users/xilolomacbook/Apps/Foodhunts-backend/vendor/laravel/framework/src/Illuminate/Console/View/Components/Factory.php(59): Illuminate\\Console\\View\\Components\\Task->render('cache', Object(Closure))
#22 /Users/xilolomacbook/Apps/Foodhunts-backend/vendor/laravel/framework/src/Illuminate/Foundation/Console/OptimizeClearCommand.php(48): Illuminate\\Console\\View\\Components\\Factory->__call('task', Array)
#23 /Users/xilolomacbook/Apps/Foodhunts-backend/vendor/laravel/framework/src/Illuminate/Container/BoundMethod.php(36): Illuminate\\Foundation\\Console\\OptimizeClearCommand->handle()
#24 /Users/xilolomacbook/Apps/Foodhunts-backend/vendor/laravel/framework/src/Illuminate/Container/Util.php(43): Illuminate\\Container\\BoundMethod::Illuminate\\Container\\{closure}()
#25 /Users/xilolomacbook/Apps/Foodhunts-backend/vendor/laravel/framework/src/Illuminate/Container/BoundMethod.php(96): Illuminate\\Container\\Util::unwrapIfClosure(Object(Closure))
#26 /Users/xilolomacbook/Apps/Foodhunts-backend/vendor/laravel/framework/src/Illuminate/Container/BoundMethod.php(35): Illuminate\\Container\\BoundMethod::callBoundMethod(Object(Illuminate\\Foundation\\Application), Array, Object(Closure))
#27 /Users/xilolomacbook/Apps/Foodhunts-backend/vendor/laravel/framework/src/Illuminate/Container/Container.php(799): Illuminate\\Container\\BoundMethod::call(Object(Illuminate\\Foundation\\Application), Array, Array, NULL)
#28 /Users/xilolomacbook/Apps/Foodhunts-backend/vendor/laravel/framework/src/Illuminate/Console/Command.php(211): Illuminate\\Container\\Container->call(Array)
#29 /Users/xilolomacbook/Apps/Foodhunts-backend/vendor/symfony/console/Command/Command.php(341): Illuminate\\Console\\Command->execute(Object(Symfony\\Component\\Console\\Input\\ArgvInput), Object(Illuminate\\Console\\OutputStyle))
#30 /Users/xilolomacbook/Apps/Foodhunts-backend/vendor/laravel/framework/src/Illuminate/Console/Command.php(180): Symfony\\Component\\Console\\Command\\Command->run(Object(Symfony\\Component\\Console\\Input\\ArgvInput), Object(Illuminate\\Console\\OutputStyle))
#31 /Users/xilolomacbook/Apps/Foodhunts-backend/vendor/symfony/console/Application.php(1117): Illuminate\\Console\\Command->run(Object(Symfony\\Component\\Console\\Input\\ArgvInput), Object(Symfony\\Component\\Console\\Output\\ConsoleOutput))
#32 /Users/xilolomacbook/Apps/Foodhunts-backend/vendor/symfony/console/Application.php(356): Symfony\\Component\\Console\\Application->doRunCommand(Object(Illuminate\\Foundation\\Console\\OptimizeClearCommand), Object(Symfony\\Component\\Console\\Input\\ArgvInput), Object(Symfony\\Component\\Console\\Output\\ConsoleOutput))
#33 /Users/xilolomacbook/Apps/Foodhunts-backend/vendor/symfony/console/Application.php(195): Symfony\\Component\\Console\\Application->doRun(Object(Symfony\\Component\\Console\\Input\\ArgvInput), Object(Symfony\\Component\\Console\\Output\\ConsoleOutput))
#34 /Users/xilolomacbook/Apps/Foodhunts-backend/vendor/laravel/framework/src/Illuminate/Foundation/Console/Kernel.php(198): Symfony\\Component\\Console\\Application->run(Object(Symfony\\Component\\Console\\Input\\ArgvInput), Object(Symfony\\Component\\Console\\Output\\ConsoleOutput))
#35 /Users/xilolomacbook/Apps/Foodhunts-backend/artisan(12): Illuminate\\Foundation\\Console\\Kernel->handle(Object(Symfony\\Component\\Console\\Input\\ArgvInput), Object(Symfony\\Component\\Console\\Output\\ConsoleOutput))
#36 {main}
"} 
[2026-07-30 09:18:27] local.ERROR: The use statement with non-compound name 'Throwable' has no effect {"exception":"[object] (ErrorException(code: 0): The use statement with non-compound name 'Throwable' has no effect at /Users/xilolomacbook/Apps/Foodhunts-backend/bootstrap/app.php:7)
[stacktrace]
#0 /Users/xilolomacbook/Apps/Foodhunts-backend/vendor/laravel/framework/src/Illuminate/Foundation/Bootstrap/HandleExceptions.php(262): Illuminate\\Foundation\\Bootstrap\\HandleExceptions->handleError(2, 'The use stateme...', '/Users/xiloloma...', 7)
#1 /Users/xilolomacbook/Apps/Foodhunts-backend/vendor/laravel/framework/src/Illuminate/Foundation/Console/RouteCacheCommand.php(93): Illuminate\\Foundation\\Bootstrap\\HandleExceptions->Illuminate\\Foundation\\Bootstrap\\{closure}(2, 'The use stateme...', '/Users/xiloloma...', 7)
#2 /Users/xilolomacbook/Apps/Foodhunts-backend/vendor/laravel/framework/src/Illuminate/Foundation/Console/RouteCacheCommand.php(93): require('/Users/xiloloma...')
#3 /Users/xilolomacbook/Apps/Foodhunts-backend/vendor/laravel/framework/src/Illuminate/Foundation/Console/RouteCacheCommand.php(80): Illuminate\\Foundation\\Console\\RouteCacheCommand->getFreshApplication()
#4 /Users/xilolomacbook/Apps/Foodhunts-backend/vendor/laravel/framework/src/Illuminate/Foundation/Console/RouteCacheCommand.php(56): Illuminate\\Foundation\\Console\\RouteCacheCommand->getFreshApplicationRoutes()
#5 /Users/xilolomacbook/Apps/Foodhunts-backend/vendor/laravel/framework/src/Illuminate/Container/BoundMethod.php(36): Illuminate\\Foundation\\Console\\RouteCacheCommand->handle()
#6 /Users/xilolomacbook/Apps/Foodhunts-backend/vendor/laravel/framework/src/Illuminate/Container/Util.php(43): Illuminate\\Container\\BoundMethod::Illuminate\\Container\\{closure}()
#7 /Users/xilolomacbook/Apps/Foodhunts-backend/vendor/laravel/framework/src/Illuminate/Container/BoundMethod.php(96): Illuminate\\Container\\Util::unwrapIfClosure(Object(Closure))
#8 /Users/xilolomacbook/Apps/Foodhunts-backend/vendor/laravel/framework/src/Illuminate/Container/BoundMethod.php(35): Illuminate\\Container\\BoundMethod::callBoundMethod(Object(Illuminate\\Foundation\\Application), Array, Object(Closure))
#9 /Users/xilolomacbook/Apps/Foodhunts-backend/vendor/laravel/framework/src/Illuminate/Container/Container.php(799): Illuminate\\Container\\BoundMethod::call(Object(Illuminate\\Foundation\\Application), Array, Array, NULL)
#10 /Users/xilolomacbook/Apps/Foodhunts-backend/vendor/laravel/framework/src/Illuminate/Console/Command.php(211): Illuminate\\Container\\Container->call(Array)
#11 /Users/xilolomacbook/Apps/Foodhunts-backend/vendor/symfony/console/Command/Command.php(341): Illuminate\\Console\\Command->execute(Object(Symfony\\Component\\Console\\Input\\ArgvInput), Object(Illuminate\\Console\\OutputStyle))
#12 /Users/xilolomacbook/Apps/Foodhunts-backend/vendor/laravel/framework/src/Illuminate/Console/Command.php(180): Symfony\\Component\\Console\\Command\\Command->run(Object(Symfony\\Component\\Console\\Input\\ArgvInput), Object(Illuminate\\Console\\OutputStyle))
#13 /Users/xilolomacbook/Apps/Foodhunts-backend/vendor/symfony/console/Application.php(1117): Illuminate\\Console\\Command->run(Object(Symfony\\Component\\Console\\Input\\ArgvInput), Object(Symfony\\Component\\Console\\Output\\ConsoleOutput))
#14 /Users/xilolomacbook/Apps/Foodhunts-backend/vendor/symfony/console/Application.php(356): Symfony\\Component\\Console\\Application->doRunCommand(Object(Illuminate\\Foundation\\Console\\RouteCacheCommand), Object(Symfony\\Component\\Console\\Input\\ArgvInput), Object(Symfony\\Component\\Console\\Output\\ConsoleOutput))
#15 /Users/xilolomacbook/Apps/Foodhunts-backend/vendor/symfony/console/Application.php(195): Symfony\\Component\\Console\\Application->doRun(Object(Symfony\\Component\\Console\\Input\\ArgvInput), Object(Symfony\\Component\\Console\\Output\\ConsoleOutput))
#16 /Users/xilolomacbook/Apps/Foodhunts-backend/vendor/laravel/framework/src/Illuminate/Foundation/Console/Kernel.php(198): Symfony\\Component\\Console\\Application->run(Object(Symfony\\Component\\Console\\Input\\ArgvInput), Object(Symfony\\Component\\Console\\Output\\ConsoleOutput))
#17 /Users/xilolomacbook/Apps/Foodhunts-backend/artisan(12): Illuminate\\Foundation\\Console\\Kernel->handle(Object(Symfony\\Component\\Console\\Input\\ArgvInput), Object(Symfony\\Component\\Console\\Output\\ConsoleOutput))
#18 {main}
"} 
[2026-07-30 09:18:27] local.ERROR: The use statement with non-compound name 'Throwable' has no effect {"exception":"[object] (ErrorException(code: 0): The use statement with non-compound name 'Throwable' has no effect at /Users/xilolomacbook/Apps/Foodhunts-backend/bootstrap/app.php:7)
[stacktrace]
#0 /Users/xilolomacbook/Apps/Foodhunts-backend/vendor/laravel/framework/src/Illuminate/Foundation/Bootstrap/HandleExceptions.php(262): Illuminate\\Foundation\\Bootstrap\\HandleExceptions->handleError(2, 'The use stateme...', '/Users/xiloloma...', 7)
#1 /Users/xilolomacbook/Apps/Foodhunts-backend/vendor/laravel/framework/src/Illuminate/Foundation/Console/ConfigCacheCommand.php(94): Illuminate\\Foundation\\Bootstrap\\HandleExceptions->Illuminate\\Foundation\\Bootstrap\\{closure}(2, 'The use stateme...', '/Users/xiloloma...', 7)
#2 /Users/xilolomacbook/Apps/Foodhunts-backend/vendor/laravel/framework/src/Illuminate/Foundation/Console/ConfigCacheCommand.php(94): require('/Users/xiloloma...')
#3 /Users/xilolomacbook/Apps/Foodhunts-backend/vendor/laravel/framework/src/Illuminate/Foundation/Console/ConfigCacheCommand.php(60): Illuminate\\Foundation\\Console\\ConfigCacheCommand->getFreshConfiguration()
#4 /Users/xilolomacbook/Apps/Foodhunts-backend/vendor/laravel/framework/src/Illuminate/Container/BoundMethod.php(36): Illuminate\\Foundation\\Console\\ConfigCacheCommand->handle()
#5 /Users/xilolomacbook/Apps/Foodhunts-backend/vendor/laravel/framework/src/Illuminate/Container/Util.php(43): Illuminate\\Container\\BoundMethod::Illuminate\\Container\\{closure}()
#6 /Users/xilolomacbook/Apps/Foodhunts-backend/vendor/laravel/framework/src/Illuminate/Container/BoundMethod.php(96): Illuminate\\Container\\Util::unwrapIfClosure(Object(Closure))
#7 /Users/xilolomacbook/Apps/Foodhunts-backend/vendor/laravel/framework/src/Illuminate/Container/BoundMethod.php(35): Illuminate\\Container\\BoundMethod::callBoundMethod(Object(Illuminate\\Foundation\\Application), Array, Object(Closure))
#8 /Users/xilolomacbook/Apps/Foodhunts-backend/vendor/laravel/framework/src/Illuminate/Container/Container.php(799): Illuminate\\Container\\BoundMethod::call(Object(Illuminate\\Foundation\\Application), Array, Array, NULL)
#9 /Users/xilolomacbook/Apps/Foodhunts-backend/vendor/laravel/framework/src/Illuminate/Console/Command.php(211): Illuminate\\Container\\Container->call(Array)
#10 /Users/xilolomacbook/Apps/Foodhunts-backend/vendor/symfony/console/Command/Command.php(341): Illuminate\\Console\\Command->execute(Object(Symfony\\Component\\Console\\Input\\ArgvInput), Object(Illuminate\\Console\\OutputStyle))
#11 /Users/xilolomacbook/Apps/Foodhunts-backend/vendor/laravel/framework/src/Illuminate/Console/Command.php(180): Symfony\\Component\\Console\\Command\\Command->run(Object(Symfony\\Component\\Console\\Input\\ArgvInput), Object(Illuminate\\Console\\OutputStyle))
#12 /Users/xilolomacbook/Apps/Foodhunts-backend/vendor/symfony/console/Application.php(1117): Illuminate\\Console\\Command->run(Object(Symfony\\Component\\Console\\Input\\ArgvInput), Object(Symfony\\Component\\Console\\Output\\ConsoleOutput))
#13 /Users/xilolomacbook/Apps/Foodhunts-backend/vendor/symfony/console/Application.php(356): Symfony\\Component\\Console\\Application->doRunCommand(Object(Illuminate\\Foundation\\Console\\ConfigCacheCommand), Object(Symfony\\Component\\Console\\Input\\ArgvInput), Object(Symfony\\Component\\Console\\Output\\ConsoleOutput))
#14 /Users/xilolomacbook/Apps/Foodhunts-backend/vendor/symfony/console/Application.php(195): Symfony\\Component\\Console\\Application->doRun(Object(Symfony\\Component\\Console\\Input\\ArgvInput), Object(Symfony\\Component\\Console\\Output\\ConsoleOutput))
#15 /Users/xilolomacbook/Apps/Foodhunts-backend/vendor/laravel/framework/src/Illuminate/Foundation/Console/Kernel.php(198): Symfony\\Component\\Console\\Application->run(Object(Symfony\\Component\\Console\\Input\\ArgvInput), Object(Symfony\\Component\\Console\\Output\\ConsoleOutput))
#16 /Users/xilolomacbook/Apps/Foodhunts-backend/artisan(12): Illuminate\\Foundation\\Console\\Kernel->handle(Object(Symfony\\Component\\Console\\Input\\ArgvInput), Object(Symfony\\Component\\Console\\Output\\ConsoleOutput))
#17 {main}
"} 
[2026-07-30 09:19:18] local.ERROR: Route [login] not defined. {"exception":"[object] (Symfony\\Component\\Routing\\Exception\\RouteNotFoundException(code: 0): Route [login] not defined. at /Users/xilolomacbook/Apps/Foodhunts-backend/vendor/laravel/framework/src/Illuminate/Routing/UrlGenerator.php:534)
[stacktrace]
#0 /Users/xilolomacbook/Apps/Foodhunts-backend/vendor/laravel/framework/src/Illuminate/Foundation/helpers.php(870): Illuminate\\Routing\\UrlGenerator->route('login', Array, true)
#1 /Users/xilolomacbook/Apps/Foodhunts-backend/vendor/laravel/framework/src/Illuminate/Foundation/Configuration/ApplicationBuilder.php(278): route('login')
#2 [internal function]: Illuminate\\Foundation\\Configuration\\ApplicationBuilder->Illuminate\\Foundation\\Configuration\\{closure}(Object(Illuminate\\Http\\Request))
#3 /Users/xilolomacbook/Apps/Foodhunts-backend/vendor/laravel/framework/src/Illuminate/Auth/Middleware/Authenticate.php(117): call_user_func(Object(Closure), Object(Illuminate\\Http\\Request))
#4 /Users/xilolomacbook/Apps/Foodhunts-backend/vendor/laravel/framework/src/Illuminate/Auth/Middleware/Authenticate.php(104): Illuminate\\Auth\\Middleware\\Authenticate->redirectTo(Object(Illuminate\\Http\\Request))
#5 /Users/xilolomacbook/Apps/Foodhunts-backend/vendor/laravel/framework/src/Illuminate/Auth/Middleware/Authenticate.php(87): Illuminate\\Auth\\Middleware\\Authenticate->unauthenticated(Object(Illuminate\\Http\\Request), Array)
#6 /Users/xilolomacbook/Apps/Foodhunts-backend/vendor/laravel/framework/src/Illuminate/Auth/Middleware/Authenticate.php(61): Illuminate\\Auth\\Middleware\\Authenticate->authenticate(Object(Illuminate\\Http\\Request), Array)
#7 /Users/xilolomacbook/Apps/Foodhunts-backend/vendor/laravel/framework/src/Illuminate/Pipeline/Pipeline.php(219): Illuminate\\Auth\\Middleware\\Authenticate->handle(Object(Illuminate\\Http\\Request), Object(Closure), 'sanctum')
#8 /Users/xilolomacbook/Apps/Foodhunts-backend/vendor/laravel/framework/src/Illuminate/Pipeline/Pipeline.php(137): Illuminate\\Pipeline\\Pipeline->Illuminate\\Pipeline\\{closure}(Object(Illuminate\\Http\\Request))
#9 /Users/xilolomacbook/Apps/Foodhunts-backend/vendor/laravel/framework/src/Illuminate/Routing/Router.php(821): Illuminate\\Pipeline\\Pipeline->then(Object(Closure))
#10 /Users/xilolomacbook/Apps/Foodhunts-backend/vendor/laravel/framework/src/Illuminate/Routing/Router.php(800): Illuminate\\Routing\\Router->runRouteWithinStack(Object(Illuminate\\Routing\\Route), Object(Illuminate\\Http\\Request))
#11 /Users/xilolomacbook/Apps/Foodhunts-backend/vendor/laravel/framework/src/Illuminate/Routing/Router.php(764): Illuminate\\Routing\\Router->runRoute(Object(Illuminate\\Http\\Request), Object(Illuminate\\Routing\\Route))
#12 /Users/xilolomacbook/Apps/Foodhunts-backend/vendor/laravel/framework/src/Illuminate/Routing/Router.php(753): Illuminate\\Routing\\Router->dispatchToRoute(Object(Illuminate\\Http\\Request))
#13 /Users/xilolomacbook/Apps/Foodhunts-backend/vendor/laravel/framework/src/Illuminate/Foundation/Http/Kernel.php(200): Illuminate\\Routing\\Router->dispatch(Object(Illuminate\\Http\\Request))
#14 /Users/xilolomacbook/Apps/Foodhunts-backend/vendor/laravel/framework/src/Illuminate/Pipeline/Pipeline.php(180): Illuminate\\Foundation\\Http\\Kernel->Illuminate\\Foundation\\Http\\{closure}(Object(Illuminate\\Http\\Request))
#15 /Users/xilolomacbook/Apps/Foodhunts-backend/vendor/laravel/framework/src/Illuminate/Foundation/Http/Middleware/TransformsRequest.php(21): Illuminate\\Pipeline\\Pipeline->Illuminate\\Pipeline\\{closure}(Object(Illuminate\\Http\\Request))
#16 /Users/xilolomacbook/Apps/Foodhunts-backend/vendor/laravel/framework/src/Illuminate/Foundation/Http/Middleware/ConvertEmptyStringsToNull.php(31): Illuminate\\Foundation\\Http\\Middleware\\TransformsRequest->handle(Object(Illuminate\\Http\\Request), Object(Closure))
#17 /Users/xilolomacbook/Apps/Foodhunts-backend/vendor/laravel/framework/src/Illuminate/Pipeline/Pipeline.php(219): Illuminate\\Foundation\\Http\\Middleware\\ConvertEmptyStringsToNull->handle(Object(Illuminate\\Http\\Request), Object(Closure))
#18 /Users/xilolomacbook/Apps/Foodhunts-backend/vendor/laravel/framework/src/Illuminate/Foundation/Http/Middleware/TransformsRequest.php(21): Illuminate\\Pipeline\\Pipeline->Illuminate\\Pipeline\\{closure}(Object(Illuminate\\Http\\Request))
#19 /Users/xilolomacbook/Apps/Foodhunts-backend/vendor/laravel/framework/src/Illuminate/Foundation/Http/Middleware/TrimStrings.php(51): Illuminate\\Foundation\\Http\\Middleware\\TransformsRequest->handle(Object(Illuminate\\Http\\Request), Object(Closure))
#20 /Users/xilolomacbook/Apps/Foodhunts-backend/vendor/laravel/framework/src/Illuminate/Pipeline/Pipeline.php(219): Illuminate\\Foundation\\Http\\Middleware\\TrimStrings->handle(Object(Illuminate\\Http\\Request), Object(Closure))
#21 /Users/xilolomacbook/Apps/Foodhunts-backend/vendor/laravel/framework/src/Illuminate/Http/Middleware/ValidatePostSize.php(27): Illuminate\\Pipeline\\Pipeline->Illuminate\\Pipeline\\{closure}(Object(Illuminate\\Http\\Request))
#22 /Users/xilolomacbook/Apps/Foodhunts-backend/vendor/laravel/framework/src/Illuminate/Pipeline/Pipeline.php(219): Illuminate\\Http\\Middleware\\ValidatePostSize->handle(Object(Illuminate\\Http\\Request), Object(Closure))
#23 /Users/xilolomacbook/Apps/Foodhunts-backend/vendor/laravel/framework/src/Illuminate/Foundation/Http/Middleware/PreventRequestsDuringMaintenance.php(109): Illuminate\\Pipeline\\Pipeline->Illuminate\\Pipeline\\{closure}(Object(Illuminate\\Http\\Request))
#24 /Users/xilolomacbook/Apps/Foodhunts-backend/vendor/laravel/framework/src/Illuminate/Pipeline/Pipeline.php(219): Illuminate\\Foundation\\Http\\Middleware\\PreventRequestsDuringMaintenance->handle(Object(Illuminate\\Http\\Request), Object(Closure))
#25 /Users/xilolomacbook/Apps/Foodhunts-backend/vendor/laravel/framework/src/Illuminate/Http/Middleware/HandleCors.php(74): Illuminate\\Pipeline\\Pipeline->Illuminate\\Pipeline\\{closure}(Object(Illuminate\\Http\\Request))
#26 /Users/xilolomacbook/Apps/Foodhunts-backend/vendor/laravel/framework/src/Illuminate/Pipeline/Pipeline.php(219): Illuminate\\Http\\Middleware\\HandleCors->handle(Object(Illuminate\\Http\\Request), Object(Closure))
#27 /Users/xilolomacbook/Apps/Foodhunts-backend/vendor/laravel/framework/src/Illuminate/Http/Middleware/TrustProxies.php(58): Illuminate\\Pipeline\\Pipeline->Illuminate\\Pipeline\\{closure}(Object(Illuminate\\Http\\Request))
#28 /Users/xilolomacbook/Apps/Foodhunts-backend/vendor/laravel/framework/src/Illuminate/Pipeline/Pipeline.php(219): Illuminate\\Http\\Middleware\\TrustProxies->handle(Object(Illuminate\\Http\\Request), Object(Closure))
#29 /Users/xilolomacbook/Apps/Foodhunts-backend/vendor/laravel/framework/src/Illuminate/Foundation/Http/Middleware/InvokeDeferredCallbacks.php(22): Illuminate\\Pipeline\\Pipeline->Illuminate\\Pipeline\\{closure}(Object(Illuminate\\Http\\Request))
#30 /Users/xilolomacbook/Apps/Foodhunts-backend/vendor/laravel/framework/src/Illuminate/Pipeline/Pipeline.php(219): Illuminate\\Foundation\\Http\\Middleware\\InvokeDeferredCallbacks->handle(Object(Illuminate\\Http\\Request), Object(Closure))
#31 /Users/xilolomacbook/Apps/Foodhunts-backend/vendor/laravel/framework/src/Illuminate/Http/Middleware/ValidatePathEncoding.php(26): Illuminate\\Pipeline\\Pipeline->Illuminate\\Pipeline\\{closure}(Object(Illuminate\\Http\\Request))
#32 /Users/xilolomacbook/Apps/Foodhunts-backend/vendor/laravel/framework/src/Illuminate/Pipeline/Pipeline.php(219): Illuminate\\Http\\Middleware\\ValidatePathEncoding->handle(Object(Illuminate\\Http\\Request), Object(Closure))
#33 /Users/xilolomacbook/Apps/Foodhunts-backend/vendor/laravel/framework/src/Illuminate/Pipeline/Pipeline.php(137): Illuminate\\Pipeline\\Pipeline->Illuminate\\Pipeline\\{closure}(Object(Illuminate\\Http\\Request))
#34 /Users/xilolomacbook/Apps/Foodhunts-backend/vendor/laravel/framework/src/Illuminate/Foundation/Http/Kernel.php(175): Illuminate\\Pipeline\\Pipeline->then(Object(Closure))
#35 /Users/xilolomacbook/Apps/Foodhunts-backend/vendor/laravel/framework/src/Illuminate/Foundation/Http/Kernel.php(144): Illuminate\\Foundation\\Http\\Kernel->sendRequestThroughRouter(Object(Illuminate\\Http\\Request))
#36 /Users/xilolomacbook/Apps/Foodhunts-backend/vendor/laravel/framework/src/Illuminate/Foundation/Application.php(1220): Illuminate\\Foundation\\Http\\Kernel->handle(Object(Illuminate\\Http\\Request))
#37 /Users/xilolomacbook/Apps/Foodhunts-backend/public/index.php(16): Illuminate\\Foundation\\Application->handleRequest(Object(Illuminate\\Http\\Request))
#38 /Users/xilolomacbook/Apps/Foodhunts-backend/vendor/laravel/framework/src/Illuminate/Foundation/resources/server.php(23): require_once('/Users/xiloloma...')
#39 {main}
"} 
[2026-07-30 09:19:18] local.ERROR: Route [login] not defined. {"exception":"[object] (Symfony\\Component\\Routing\\Exception\\RouteNotFoundException(code: 0): Route [login] not defined. at /Users/xilolomacbook/Apps/Foodhunts-backend/vendor/laravel/framework/src/Illuminate/Routing/UrlGenerator.php:534)
[stacktrace]
#0 /Users/xilolomacbook/Apps/Foodhunts-backend/vendor/laravel/framework/src/Illuminate/Foundation/helpers.php(870): Illuminate\\Routing\\UrlGenerator->route('login', Array, true)
#1 /Users/xilolomacbook/Apps/Foodhunts-backend/vendor/laravel/framework/src/Illuminate/Foundation/Configuration/ApplicationBuilder.php(278): route('login')
#2 [internal function]: Illuminate\\Foundation\\Configuration\\ApplicationBuilder->Illuminate\\Foundation\\Configuration\\{closure}(Object(Illuminate\\Http\\Request))
#3 /Users/xilolomacbook/Apps/Foodhunts-backend/vendor/laravel/framework/src/Illuminate/Auth/Middleware/Authenticate.php(117): call_user_func(Object(Closure), Object(Illuminate\\Http\\Request))
#4 /Users/xilolomacbook/Apps/Foodhunts-backend/vendor/laravel/framework/src/Illuminate/Auth/Middleware/Authenticate.php(104): Illuminate\\Auth\\Middleware\\Authenticate->redirectTo(Object(Illuminate\\Http\\Request))
#5 /Users/xilolomacbook/Apps/Foodhunts-backend/vendor/laravel/framework/src/Illuminate/Auth/Middleware/Authenticate.php(87): Illuminate\\Auth\\Middleware\\Authenticate->unauthenticated(Object(Illuminate\\Http\\Request), Array)
#6 /Users/xilolomacbook/Apps/Foodhunts-backend/vendor/laravel/framework/src/Illuminate/Auth/Middleware/Authenticate.php(61): Illuminate\\Auth\\Middleware\\Authenticate->authenticate(Object(Illuminate\\Http\\Request), Array)
#7 /Users/xilolomacbook/Apps/Foodhunts-backend/vendor/laravel/framework/src/Illuminate/Pipeline/Pipeline.php(219): Illuminate\\Auth\\Middleware\\Authenticate->handle(Object(Illuminate\\Http\\Request), Object(Closure), 'sanctum')
#8 /Users/xilolomacbook/Apps/Foodhunts-backend/vendor/laravel/framework/src/Illuminate/Pipeline/Pipeline.php(137): Illuminate\\Pipeline\\Pipeline->Illuminate\\Pipeline\\{closure}(Object(Illuminate\\Http\\Request))
#9 /Users/xilolomacbook/Apps/Foodhunts-backend/vendor/laravel/framework/src/Illuminate/Routing/Router.php(821): Illuminate\\Pipeline\\Pipeline->then(Object(Closure))
#10 /Users/xilolomacbook/Apps/Foodhunts-backend/vendor/laravel/framework/src/Illuminate/Routing/Router.php(800): Illuminate\\Routing\\Router->runRouteWithinStack(Object(Illuminate\\Routing\\Route), Object(Illuminate\\Http\\Request))
#11 /Users/xilolomacbook/Apps/Foodhunts-backend/vendor/laravel/framework/src/Illuminate/Routing/Router.php(764): Illuminate\\Routing\\Router->runRoute(Object(Illuminate\\Http\\Request), Object(Illuminate\\Routing\\Route))
#12 /Users/xilolomacbook/Apps/Foodhunts-backend/vendor/laravel/framework/src/Illuminate/Routing/Router.php(753): Illuminate\\Routing\\Router->dispatchToRoute(Object(Illuminate\\Http\\Request))
#13 /Users/xilolomacbook/Apps/Foodhunts-backend/vendor/laravel/framework/src/Illuminate/Foundation/Http/Kernel.php(200): Illuminate\\Routing\\Router->dispatch(Object(Illuminate\\Http\\Request))
#14 /Users/xilolomacbook/Apps/Foodhunts-backend/vendor/laravel/framework/src/Illuminate/Pipeline/Pipeline.php(180): Illuminate\\Foundation\\Http\\Kernel->Illuminate\\Foundation\\Http\\{closure}(Object(Illuminate\\Http\\Request))
#15 /Users/xilolomacbook/Apps/Foodhunts-backend/vendor/laravel/framework/src/Illuminate/Foundation/Http/Middleware/TransformsRequest.php(21): Illuminate\\Pipeline\\Pipeline->Illuminate\\Pipeline\\{closure}(Object(Illuminate\\Http\\Request))
#16 /Users/xilolomacbook/Apps/Foodhunts-backend/vendor/laravel/framework/src/Illuminate/Foundation/Http/Middleware/ConvertEmptyStringsToNull.php(31): Illuminate\\Foundation\\Http\\Middleware\\TransformsRequest->handle(Object(Illuminate\\Http\\Request), Object(Closure))
#17 /Users/xilolomacbook/Apps/Foodhunts-backend/vendor/laravel/framework/src/Illuminate/Pipeline/Pipeline.php(219): Illuminate\\Foundation\\Http\\Middleware\\ConvertEmptyStringsToNull->handle(Object(Illuminate\\Http\\Request), Object(Closure))
#18 /Users/xilolomacbook/Apps/Foodhunts-backend/vendor/laravel/framework/src/Illuminate/Foundation/Http/Middleware/TransformsRequest.php(21): Illuminate\\Pipeline\\Pipeline->Illuminate\\Pipeline\\{closure}(Object(Illuminate\\Http\\Request))
#19 /Users/xilolomacbook/Apps/Foodhunts-backend/vendor/laravel/framework/src/Illuminate/Foundation/Http/Middleware/TrimStrings.php(51): Illuminate\\Foundation\\Http\\Middleware\\TransformsRequest->handle(Object(Illuminate\\Http\\Request), Object(Closure))
#20 /Users/xilolomacbook/Apps/Foodhunts-backend/vendor/laravel/framework/src/Illuminate/Pipeline/Pipeline.php(219): Illuminate\\Foundation\\Http\\Middleware\\TrimStrings->handle(Object(Illuminate\\Http\\Request), Object(Closure))
#21 /Users/xilolomacbook/Apps/Foodhunts-backend/vendor/laravel/framework/src/Illuminate/Http/Middleware/ValidatePostSize.php(27): Illuminate\\Pipeline\\Pipeline->Illuminate\\Pipeline\\{closure}(Object(Illuminate\\Http\\Request))
#22 /Users/xilolomacbook/Apps/Foodhunts-backend/vendor/laravel/framework/src/Illuminate/Pipeline/Pipeline.php(219): Illuminate\\Http\\Middleware\\ValidatePostSize->handle(Object(Illuminate\\Http\\Request), Object(Closure))
#23 /Users/xilolomacbook/Apps/Foodhunts-backend/vendor/laravel/framework/src/Illuminate/Foundation/Http/Middleware/PreventRequestsDuringMaintenance.php(109): Illuminate\\Pipeline\\Pipeline->Illuminate\\Pipeline\\{closure}(Object(Illuminate\\Http\\Request))
#24 /Users/xilolomacbook/Apps/Foodhunts-backend/vendor/laravel/framework/src/Illuminate/Pipeline/Pipeline.php(219): Illuminate\\Foundation\\Http\\Middleware\\PreventRequestsDuringMaintenance->handle(Object(Illuminate\\Http\\Request), Object(Closure))
#25 /Users/xilolomacbook/Apps/Foodhunts-backend/vendor/laravel/framework/src/Illuminate/Http/Middleware/HandleCors.php(74): Illuminate\\Pipeline\\Pipeline->Illuminate\\Pipeline\\{closure}(Object(Illuminate\\Http\\Request))
#26 /Users/xilolomacbook/Apps/Foodhunts-backend/vendor/laravel/framework/src/Illuminate/Pipeline/Pipeline.php(219): Illuminate\\Http\\Middleware\\HandleCors->handle(Object(Illuminate\\Http\\Request), Object(Closure))
#27 /Users/xilolomacbook/Apps/Foodhunts-backend/vendor/laravel/framework/src/Illuminate/Http/Middleware/TrustProxies.php(58): Illuminate\\Pipeline\\Pipeline->Illuminate\\Pipeline\\{closure}(Object(Illuminate\\Http\\Request))
#28 /Users/xilolomacbook/Apps/Foodhunts-backend/vendor/laravel/framework/src/Illuminate/Pipeline/Pipeline.php(219): Illuminate\\Http\\Middleware\\TrustProxies->handle(Object(Illuminate\\Http\\Request), Object(Closure))
#29 /Users/xilolomacbook/Apps/Foodhunts-backend/vendor/laravel/framework/src/Illuminate/Foundation/Http/Middleware/InvokeDeferredCallbacks.php(22): Illuminate\\Pipeline\\Pipeline->Illuminate\\Pipeline\\{closure}(Object(Illuminate\\Http\\Request))
#30 /Users/xilolomacbook/Apps/Foodhunts-backend/vendor/laravel/framework/src/Illuminate/Pipeline/Pipeline.php(219): Illuminate\\Foundation\\Http\\Middleware\\InvokeDeferredCallbacks->handle(Object(Illuminate\\Http\\Request), Object(Closure))
#31 /Users/xilolomacbook/Apps/Foodhunts-backend/vendor/laravel/framework/src/Illuminate/Http/Middleware/ValidatePathEncoding.php(26): Illuminate\\Pipeline\\Pipeline->Illuminate\\Pipeline\\{closure}(Object(Illuminate\\Http\\Request))
#32 /Users/xilolomacbook/Apps/Foodhunts-backend/vendor/laravel/framework/src/Illuminate/Pipeline/Pipeline.php(219): Illuminate\\Http\\Middleware\\ValidatePathEncoding->handle(Object(Illuminate\\Http\\Request), Object(Closure))
#33 /Users/xilolomacbook/Apps/Foodhunts-backend/vendor/laravel/framework/src/Illuminate/Pipeline/Pipeline.php(137): Illuminate\\Pipeline\\Pipeline->Illuminate\\Pipeline\\{closure}(Object(Illuminate\\Http\\Request))
#34 /Users/xilolomacbook/Apps/Foodhunts-backend/vendor/laravel/framework/src/Illuminate/Foundation/Http/Kernel.php(175): Illuminate\\Pipeline\\Pipeline->then(Object(Closure))
#35 /Users/xilolomacbook/Apps/Foodhunts-backend/vendor/laravel/framework/src/Illuminate/Foundation/Http/Kernel.php(144): Illuminate\\Foundation\\Http\\Kernel->sendRequestThroughRouter(Object(Illuminate\\Http\\Request))
#36 /Users/xilolomacbook/Apps/Foodhunts-backend/vendor/laravel/framework/src/Illuminate/Foundation/Application.php(1220): Illuminate\\Foundation\\Http\\Kernel->handle(Object(Illuminate\\Http\\Request))
#37 /Users/xilolomacbook/Apps/Foodhunts-backend/public/index.php(16): Illuminate\\Foundation\\Application->handleRequest(Object(Illuminate\\Http\\Request))
#38 /Users/xilolomacbook/Apps/Foodhunts-backend/vendor/laravel/framework/src/Illuminate/Foundation/resources/server.php(23): require_once('/Users/xiloloma...')
#39 {main}
"} 
[2026-07-30 09:20:00] local.ERROR: Class "Redis" not found {"exception":"[object] (Error(code: 0): Class \"Redis\" not found at /Users/xilolomacbook/Apps/Foodhunts-backend/vendor/laravel/framework/src/Illuminate/Redis/Connectors/PhpRedisConnector.php:80)
[stacktrace]
#0 /Users/xilolomacbook/Apps/Foodhunts-backend/vendor/laravel/framework/src/Illuminate/Redis/Connectors/PhpRedisConnector.php(34): Illuminate\\Redis\\Connectors\\PhpRedisConnector->createClient(Array)
#1 /Users/xilolomacbook/Apps/Foodhunts-backend/vendor/laravel/framework/src/Illuminate/Redis/Connectors/PhpRedisConnector.php(39): Illuminate\\Redis\\Connectors\\PhpRedisConnector->Illuminate\\Redis\\Connectors\\{closure}()
#2 /Users/xilolomacbook/Apps/Foodhunts-backend/vendor/laravel/framework/src/Illuminate/Redis/RedisManager.php(111): Illuminate\\Redis\\Connectors\\PhpRedisConnector->connect(Array, Array)
#3 /Users/xilolomacbook/Apps/Foodhunts-backend/vendor/laravel/framework/src/Illuminate/Redis/RedisManager.php(92): Illuminate\\Redis\\RedisManager->resolve('cache')
#4 /Users/xilolomacbook/Apps/Foodhunts-backend/vendor/laravel/framework/src/Illuminate/Cache/RedisStore.php(377): Illuminate\\Redis\\RedisManager->connection('cache')
#5 /Users/xilolomacbook/Apps/Foodhunts-backend/vendor/laravel/framework/src/Illuminate/Cache/RedisStore.php(284): Illuminate\\Cache\\RedisStore->connection()
#6 /Users/xilolomacbook/Apps/Foodhunts-backend/vendor/laravel/framework/src/Illuminate/Cache/Repository.php(979): Illuminate\\Cache\\RedisStore->flush()
#7 /Users/xilolomacbook/Apps/Foodhunts-backend/vendor/laravel/framework/src/Illuminate/Cache/Console/ClearCommand.php(68): Illuminate\\Cache\\Repository->__call('flush', Array)
#8 /Users/xilolomacbook/Apps/Foodhunts-backend/vendor/laravel/framework/src/Illuminate/Container/BoundMethod.php(36): Illuminate\\Cache\\Console\\ClearCommand->handle()
#9 /Users/xilolomacbook/Apps/Foodhunts-backend/vendor/laravel/framework/src/Illuminate/Container/Util.php(43): Illuminate\\Container\\BoundMethod::Illuminate\\Container\\{closure}()
#10 /Users/xilolomacbook/Apps/Foodhunts-backend/vendor/laravel/framework/src/Illuminate/Container/BoundMethod.php(96): Illuminate\\Container\\Util::unwrapIfClosure(Object(Closure))
#11 /Users/xilolomacbook/Apps/Foodhunts-backend/vendor/laravel/framework/src/Illuminate/Container/BoundMethod.php(35): Illuminate\\Container\\BoundMethod::callBoundMethod(Object(Illuminate\\Foundation\\Application), Array, Object(Closure))
#12 /Users/xilolomacbook/Apps/Foodhunts-backend/vendor/laravel/framework/src/Illuminate/Container/Container.php(799): Illuminate\\Container\\BoundMethod::call(Object(Illuminate\\Foundation\\Application), Array, Array, NULL)
#13 /Users/xilolomacbook/Apps/Foodhunts-backend/vendor/laravel/framework/src/Illuminate/Console/Command.php(211): Illuminate\\Container\\Container->call(Array)
#14 /Users/xilolomacbook/Apps/Foodhunts-backend/vendor/symfony/console/Command/Command.php(341): Illuminate\\Console\\Command->execute(Object(Symfony\\Component\\Console\\Input\\ArrayInput), Object(Illuminate\\Console\\OutputStyle))
#15 /Users/xilolomacbook/Apps/Foodhunts-backend/vendor/laravel/framework/src/Illuminate/Console/Command.php(180): Symfony\\Component\\Console\\Command\\Command->run(Object(Symfony\\Component\\Console\\Input\\ArrayInput), Object(Illuminate\\Console\\OutputStyle))
#16 /Users/xilolomacbook/Apps/Foodhunts-backend/vendor/laravel/framework/src/Illuminate/Console/Concerns/CallsCommands.php(68): Illuminate\\Console\\Command->run(Object(Symfony\\Component\\Console\\Input\\ArrayInput), Object(Symfony\\Component\\Console\\Output\\NullOutput))
#17 /Users/xilolomacbook/Apps/Foodhunts-backend/vendor/laravel/framework/src/Illuminate/Console/Concerns/CallsCommands.php(41): Illuminate\\Console\\Command->runCommand('cache:clear', Array, Object(Symfony\\Component\\Console\\Output\\NullOutput))
#18 /Users/xilolomacbook/Apps/Foodhunts-backend/vendor/laravel/framework/src/Illuminate/Console/Concerns/CallsCommands.php(53): Illuminate\\Console\\Command->callSilent('cache:clear', Array)
#19 /Users/xilolomacbook/Apps/Foodhunts-backend/vendor/laravel/framework/src/Illuminate/Foundation/Console/OptimizeClearCommand.php(48): Illuminate\\Console\\Command->callSilently('cache:clear')
#20 /Users/xilolomacbook/Apps/Foodhunts-backend/vendor/laravel/framework/src/Illuminate/Console/View/Components/Task.php(41): Illuminate\\Foundation\\Console\\OptimizeClearCommand->Illuminate\\Foundation\\Console\\{closure}()
#21 /Users/xilolomacbook/Apps/Foodhunts-backend/vendor/laravel/framework/src/Illuminate/Console/View/Components/Factory.php(59): Illuminate\\Console\\View\\Components\\Task->render('cache', Object(Closure))
#22 /Users/xilolomacbook/Apps/Foodhunts-backend/vendor/laravel/framework/src/Illuminate/Foundation/Console/OptimizeClearCommand.php(48): Illuminate\\Console\\View\\Components\\Factory->__call('task', Array)
#23 /Users/xilolomacbook/Apps/Foodhunts-backend/vendor/laravel/framework/src/Illuminate/Container/BoundMethod.php(36): Illuminate\\Foundation\\Console\\OptimizeClearCommand->handle()
#24 /Users/xilolomacbook/Apps/Foodhunts-backend/vendor/laravel/framework/src/Illuminate/Container/Util.php(43): Illuminate\\Container\\BoundMethod::Illuminate\\Container\\{closure}()
#25 /Users/xilolomacbook/Apps/Foodhunts-backend/vendor/laravel/framework/src/Illuminate/Container/BoundMethod.php(96): Illuminate\\Container\\Util::unwrapIfClosure(Object(Closure))
#26 /Users/xilolomacbook/Apps/Foodhunts-backend/vendor/laravel/framework/src/Illuminate/Container/BoundMethod.php(35): Illuminate\\Container\\BoundMethod::callBoundMethod(Object(Illuminate\\Foundation\\Application), Array, Object(Closure))
#27 /Users/xilolomacbook/Apps/Foodhunts-backend/vendor/laravel/framework/src/Illuminate/Container/Container.php(799): Illuminate\\Container\\BoundMethod::call(Object(Illuminate\\Foundation\\Application), Array, Array, NULL)
#28 /Users/xilolomacbook/Apps/Foodhunts-backend/vendor/laravel/framework/src/Illuminate/Console/Command.php(211): Illuminate\\Container\\Container->call(Array)
#29 /Users/xilolomacbook/Apps/Foodhunts-backend/vendor/symfony/console/Command/Command.php(341): Illuminate\\Console\\Command->execute(Object(Symfony\\Component\\Console\\Input\\ArgvInput), Object(Illuminate\\Console\\OutputStyle))
#30 /Users/xilolomacbook/Apps/Foodhunts-backend/vendor/laravel/framework/src/Illuminate/Console/Command.php(180): Symfony\\Component\\Console\\Command\\Command->run(Object(Symfony\\Component\\Console\\Input\\ArgvInput), Object(Illuminate\\Console\\OutputStyle))
#31 /Users/xilolomacbook/Apps/Foodhunts-backend/vendor/symfony/console/Application.php(1117): Illuminate\\Console\\Command->run(Object(Symfony\\Component\\Console\\Input\\ArgvInput), Object(Symfony\\Component\\Console\\Output\\ConsoleOutput))
#32 /Users/xilolomacbook/Apps/Foodhunts-backend/vendor/symfony/console/Application.php(356): Symfony\\Component\\Console\\Application->doRunCommand(Object(Illuminate\\Foundation\\Console\\OptimizeClearCommand), Object(Symfony\\Component\\Console\\Input\\ArgvInput), Object(Symfony\\Component\\Console\\Output\\ConsoleOutput))
#33 /Users/xilolomacbook/Apps/Foodhunts-backend/vendor/symfony/console/Application.php(195): Symfony\\Component\\Console\\Application->doRun(Object(Symfony\\Component\\Console\\Input\\ArgvInput), Object(Symfony\\Component\\Console\\Output\\ConsoleOutput))
#34 /Users/xilolomacbook/Apps/Foodhunts-backend/vendor/laravel/framework/src/Illuminate/Foundation/Console/Kernel.php(198): Symfony\\Component\\Console\\Application->run(Object(Symfony\\Component\\Console\\Input\\ArgvInput), Object(Symfony\\Component\\Console\\Output\\ConsoleOutput))
#35 /Users/xilolomacbook/Apps/Foodhunts-backend/artisan(12): Illuminate\\Foundation\\Console\\Kernel->handle(Object(Symfony\\Component\\Console\\Input\\ArgvInput), Object(Symfony\\Component\\Console\\Output\\ConsoleOutput))
#36 {main}
"} 
[2026-07-30 13:23:13] local.ERROR: Command "tinker" is not defined. {"exception":"[object] (Symfony\\Component\\Console\\Exception\\CommandNotFoundException(code: 0): Command \"tinker\" is not defined. at /Users/xilolomacbook/Apps/Foodhunts-backend/vendor/symfony/console/Application.php:759)
[stacktrace]
#0 /Users/xilolomacbook/Apps/Foodhunts-backend/vendor/symfony/console/Application.php(298): Symfony\\Component\\Console\\Application->find('tinker')
#1 /Users/xilolomacbook/Apps/Foodhunts-backend/vendor/symfony/console/Application.php(195): Symfony\\Component\\Console\\Application->doRun(Object(Symfony\\Component\\Console\\Input\\ArgvInput), Object(Symfony\\Component\\Console\\Output\\ConsoleOutput))
#2 /Users/xilolomacbook/Apps/Foodhunts-backend/vendor/laravel/framework/src/Illuminate/Foundation/Console/Kernel.php(198): Symfony\\Component\\Console\\Application->run(Object(Symfony\\Component\\Console\\Input\\ArgvInput), Object(Symfony\\Component\\Console\\Output\\ConsoleOutput))
#3 /Users/xilolomacbook/Apps/Foodhunts-backend/artisan(12): Illuminate\\Foundation\\Console\\Kernel->handle(Object(Symfony\\Component\\Console\\Input\\ArgvInput), Object(Symfony\\Component\\Console\\Output\\ConsoleOutput))
#4 {main}
"} 
[2026-08-02 07:47:31] local.ERROR: Command "tinker" is not defined. {"exception":"[object] (Symfony\\Component\\Console\\Exception\\CommandNotFoundException(code: 0): Command \"tinker\" is not defined. at /Users/xilolomacbook/Apps/Foodhunts-backend/vendor/symfony/console/Application.php:759)
[stacktrace]
#0 /Users/xilolomacbook/Apps/Foodhunts-backend/vendor/symfony/console/Application.php(298): Symfony\\Component\\Console\\Application->find('tinker')
#1 /Users/xilolomacbook/Apps/Foodhunts-backend/vendor/symfony/console/Application.php(195): Symfony\\Component\\Console\\Application->doRun(Object(Symfony\\Component\\Console\\Input\\ArgvInput), Object(Symfony\\Component\\Console\\Output\\ConsoleOutput))
#2 /Users/xilolomacbook/Apps/Foodhunts-backend/vendor/laravel/framework/src/Illuminate/Foundation/Console/Kernel.php(198): Symfony\\Component\\Console\\Application->run(Object(Symfony\\Component\\Console\\Input\\ArgvInput), Object(Symfony\\Component\\Console\\Output\\ConsoleOutput))
#3 /Users/xilolomacbook/Apps/Foodhunts-backend/artisan(12): Illuminate\\Foundation\\Console\\Kernel->handle(Object(Symfony\\Component\\Console\\Input\\ArgvInput), Object(Symfony\\Component\\Console\\Output\\ConsoleOutput))
#4 {main}
"} 
[2026-08-02 08:28:54] local.ERROR: Unable to write file at location: codex-verification/de3fe4c8-5514-4df6-bd96-1712232c2b2c.txt. The PutObject operation requires non-empty parameter: Bucket {"exception":"[object] (League\\Flysystem\\UnableToWriteFile(code: 0): Unable to write file at location: codex-verification/de3fe4c8-5514-4df6-bd96-1712232c2b2c.txt. The PutObject operation requires non-empty parameter: Bucket at /Users/xilolomacbook/Apps/Foodhunts-backend/vendor/league/flysystem/src/UnableToWriteFile.php:24)
[stacktrace]
#0 /Users/xilolomacbook/Apps/Foodhunts-backend/vendor/league/flysystem-aws-s3-v3/AwsS3V3Adapter.php(165): League\\Flysystem\\UnableToWriteFile::atLocation('codex-verificat...', 'The PutObject o...', Object(InvalidArgumentException))
#1 /Users/xilolomacbook/Apps/Foodhunts-backend/vendor/league/flysystem-aws-s3-v3/AwsS3V3Adapter.php(143): League\\Flysystem\\AwsS3V3\\AwsS3V3Adapter->upload('codex-verificat...', 'Foodhunts R2 ve...', Object(League\\Flysystem\\Config))
#2 /Users/xilolomacbook/Apps/Foodhunts-backend/vendor/league/flysystem/src/Filesystem.php(55): League\\Flysystem\\AwsS3V3\\AwsS3V3Adapter->write('codex-verificat...', 'Foodhunts R2 ve...', Object(League\\Flysystem\\Config))
#3 /Users/xilolomacbook/Apps/Foodhunts-backend/vendor/laravel/framework/src/Illuminate/Filesystem/FilesystemAdapter.php(432): League\\Flysystem\\Filesystem->write('codex-verificat...', 'Foodhunts R2 ve...', Array)
#4 /Users/xilolomacbook/Apps/Foodhunts-backend/routes/console.php(20): Illuminate\\Filesystem\\FilesystemAdapter->put('codex-verificat...', 'Foodhunts R2 ve...', Array)
#5 /Users/xilolomacbook/Apps/Foodhunts-backend/vendor/laravel/framework/src/Illuminate/Container/BoundMethod.php(36): Illuminate\\Foundation\\Console\\ClosureCommand->{closure}()
#6 /Users/xilolomacbook/Apps/Foodhunts-backend/vendor/laravel/framework/src/Illuminate/Container/Util.php(43): Illuminate\\Container\\BoundMethod::Illuminate\\Container\\{closure}()
#7 /Users/xilolomacbook/Apps/Foodhunts-backend/vendor/laravel/framework/src/Illuminate/Container/BoundMethod.php(84): Illuminate\\Container\\Util::unwrapIfClosure(Object(Closure))
#8 /Users/xilolomacbook/Apps/Foodhunts-backend/vendor/laravel/framework/src/Illuminate/Container/BoundMethod.php(35): Illuminate\\Container\\BoundMethod::callBoundMethod(Object(Illuminate\\Foundation\\Application), Object(Closure), Object(Closure))
#9 /Users/xilolomacbook/Apps/Foodhunts-backend/vendor/laravel/framework/src/Illuminate/Container/Container.php(799): Illuminate\\Container\\BoundMethod::call(Object(Illuminate\\Foundation\\Application), Object(Closure), Array, NULL)
#10 /Users/xilolomacbook/Apps/Foodhunts-backend/vendor/laravel/framework/src/Illuminate/Foundation/Console/ClosureCommand.php(69): Illuminate\\Container\\Container->call(Object(Closure), Array)
#11 /Users/xilolomacbook/Apps/Foodhunts-backend/vendor/symfony/console/Command/Command.php(341): Illuminate\\Foundation\\Console\\ClosureCommand->execute(Object(Symfony\\Component\\Console\\Input\\ArgvInput), Object(Illuminate\\Console\\OutputStyle))
#12 /Users/xilolomacbook/Apps/Foodhunts-backend/vendor/laravel/framework/src/Illuminate/Console/Command.php(180): Symfony\\Component\\Console\\Command\\Command->run(Object(Symfony\\Component\\Console\\Input\\ArgvInput), Object(Illuminate\\Console\\OutputStyle))
#13 /Users/xilolomacbook/Apps/Foodhunts-backend/vendor/symfony/console/Application.php(1117): Illuminate\\Console\\Command->run(Object(Symfony\\Component\\Console\\Input\\ArgvInput), Object(Symfony\\Component\\Console\\Output\\ConsoleOutput))
#14 /Users/xilolomacbook/Apps/Foodhunts-backend/vendor/symfony/console/Application.php(356): Symfony\\Component\\Console\\Application->doRunCommand(Object(Illuminate\\Foundation\\Console\\ClosureCommand), Object(Symfony\\Component\\Console\\Input\\ArgvInput), Object(Symfony\\Component\\Console\\Output\\ConsoleOutput))
#15 /Users/xilolomacbook/Apps/Foodhunts-backend/vendor/symfony/console/Application.php(195): Symfony\\Component\\Console\\Application->doRun(Object(Symfony\\Component\\Console\\Input\\ArgvInput), Object(Symfony\\Component\\Console\\Output\\ConsoleOutput))
#16 /Users/xilolomacbook/Apps/Foodhunts-backend/vendor/laravel/framework/src/Illuminate/Foundation/Console/Kernel.php(198): Symfony\\Component\\Console\\Application->run(Object(Symfony\\Component\\Console\\Input\\ArgvInput), Object(Symfony\\Component\\Console\\Output\\ConsoleOutput))
#17 /Users/xilolomacbook/Apps/Foodhunts-backend/artisan(12): Illuminate\\Foundation\\Console\\Kernel->handle(Object(Symfony\\Component\\Console\\Input\\ArgvInput), Object(Symfony\\Component\\Console\\Output\\ConsoleOutput))
#18 {main}

[previous exception] [object] (InvalidArgumentException(code: 0): The PutObject operation requires non-empty parameter: Bucket at /Users/xilolomacbook/Apps/Foodhunts-backend/vendor/aws/aws-sdk-php/src/InputValidationMiddleware.php:63)
[stacktrace]
#0 /Users/xilolomacbook/Apps/Foodhunts-backend/vendor/aws/aws-sdk-php/src/Middleware.php(111): Aws\\InputValidationMiddleware->__invoke(Object(Aws\\Command), NULL)
#1 /Users/xilolomacbook/Apps/Foodhunts-backend/vendor/aws/aws-sdk-php/src/S3/S3Client.php(806): Aws\\Middleware::Aws\\{closure}(Object(Aws\\Command), NULL)
#2 /Users/xilolomacbook/Apps/Foodhunts-backend/vendor/aws/aws-sdk-php/src/S3/S3Client.php(829): Aws\\S3\\S3Client::Aws\\S3\\{closure}(Object(Aws\\Command), NULL)
#3 /Users/xilolomacbook/Apps/Foodhunts-backend/vendor/aws/aws-sdk-php/src/S3/S3Client.php(763): Aws\\S3\\S3Client::Aws\\S3\\{closure}(Object(Aws\\Command), NULL)
#4 /Users/xilolomacbook/Apps/Foodhunts-backend/vendor/aws/aws-sdk-php/src/S3/S3Client.php(782): Aws\\S3\\S3Client::Aws\\S3\\{closure}(Object(Aws\\Command), NULL)
#5 /Users/xilolomacbook/Apps/Foodhunts-backend/vendor/aws/aws-sdk-php/src/Middleware.php(79): Aws\\S3\\S3Client::Aws\\S3\\{closure}(Object(Aws\\Command), NULL)
#6 /Users/xilolomacbook/Apps/Foodhunts-backend/vendor/aws/aws-sdk-php/src/S3/SSECMiddleware.php(59): Aws\\Middleware::Aws\\{closure}(Object(Aws\\Command), NULL)
#7 /Users/xilolomacbook/Apps/Foodhunts-backend/vendor/aws/aws-sdk-php/src/AwsClient.php(674): Aws\\S3\\SSECMiddleware->__invoke(Object(Aws\\Command), NULL)
#8 /Users/xilolomacbook/Apps/Foodhunts-backend/vendor/aws/aws-sdk-php/src/IdempotencyTokenMiddleware.php(79): Aws\\AwsClient::Aws\\{closure}(Object(Aws\\Command), NULL)
#9 /Users/xilolomacbook/Apps/Foodhunts-backend/vendor/aws/aws-sdk-php/src/AwsClientTrait.php(64): Aws\\IdempotencyTokenMiddleware->__invoke(Object(Aws\\Command))
#10 /Users/xilolomacbook/Apps/Foodhunts-backend/vendor/aws/aws-sdk-php/src/S3/ObjectUploader.php(95): Aws\\AwsClient->executeAsync(Object(Aws\\Command))
#11 /Users/xilolomacbook/Apps/Foodhunts-backend/vendor/aws/aws-sdk-php/src/S3/S3ClientTrait.php(49): Aws\\S3\\ObjectUploader->promise()
#12 /Users/xilolomacbook/Apps/Foodhunts-backend/vendor/aws/aws-sdk-php/src/S3/S3ClientTrait.php(34): Aws\\S3\\S3Client->uploadAsync('', 'codex-verificat...', 'Foodhunts R2 ve...', 'private', Array)
#13 /Users/xilolomacbook/Apps/Foodhunts-backend/vendor/league/flysystem-aws-s3-v3/AwsS3V3Adapter.php(163): Aws\\S3\\S3Client->upload('', 'codex-verificat...', 'Foodhunts R2 ve...', 'private', Array)
#14 /Users/xilolomacbook/Apps/Foodhunts-backend/vendor/league/flysystem-aws-s3-v3/AwsS3V3Adapter.php(143): League\\Flysystem\\AwsS3V3\\AwsS3V3Adapter->upload('codex-verificat...', 'Foodhunts R2 ve...', Object(League\\Flysystem\\Config))
#15 /Users/xilolomacbook/Apps/Foodhunts-backend/vendor/league/flysystem/src/Filesystem.php(55): League\\Flysystem\\AwsS3V3\\AwsS3V3Adapter->write('codex-verificat...', 'Foodhunts R2 ve...', Object(League\\Flysystem\\Config))
#16 /Users/xilolomacbook/Apps/Foodhunts-backend/vendor/laravel/framework/src/Illuminate/Filesystem/FilesystemAdapter.php(432): League\\Flysystem\\Filesystem->write('codex-verificat...', 'Foodhunts R2 ve...', Array)
#17 /Users/xilolomacbook/Apps/Foodhunts-backend/routes/console.php(20): Illuminate\\Filesystem\\FilesystemAdapter->put('codex-verificat...', 'Foodhunts R2 ve...', Array)
#18 /Users/xilolomacbook/Apps/Foodhunts-backend/vendor/laravel/framework/src/Illuminate/Container/BoundMethod.php(36): Illuminate\\Foundation\\Console\\ClosureCommand->{closure}()
#19 /Users/xilolomacbook/Apps/Foodhunts-backend/vendor/laravel/framework/src/Illuminate/Container/Util.php(43): Illuminate\\Container\\BoundMethod::Illuminate\\Container\\{closure}()
#20 /Users/xilolomacbook/Apps/Foodhunts-backend/vendor/laravel/framework/src/Illuminate/Container/BoundMethod.php(84): Illuminate\\Container\\Util::unwrapIfClosure(Object(Closure))
#21 /Users/xilolomacbook/Apps/Foodhunts-backend/vendor/laravel/framework/src/Illuminate/Container/BoundMethod.php(35): Illuminate\\Container\\BoundMethod::callBoundMethod(Object(Illuminate\\Foundation\\Application), Object(Closure), Object(Closure))
#22 /Users/xilolomacbook/Apps/Foodhunts-backend/vendor/laravel/framework/src/Illuminate/Container/Container.php(799): Illuminate\\Container\\BoundMethod::call(Object(Illuminate\\Foundation\\Application), Object(Closure), Array, NULL)
#23 /Users/xilolomacbook/Apps/Foodhunts-backend/vendor/laravel/framework/src/Illuminate/Foundation/Console/ClosureCommand.php(69): Illuminate\\Container\\Container->call(Object(Closure), Array)
#24 /Users/xilolomacbook/Apps/Foodhunts-backend/vendor/symfony/console/Command/Command.php(341): Illuminate\\Foundation\\Console\\ClosureCommand->execute(Object(Symfony\\Component\\Console\\Input\\ArgvInput), Object(Illuminate\\Console\\OutputStyle))
#25 /Users/xilolomacbook/Apps/Foodhunts-backend/vendor/laravel/framework/src/Illuminate/Console/Command.php(180): Symfony\\Component\\Console\\Command\\Command->run(Object(Symfony\\Component\\Console\\Input\\ArgvInput), Object(Illuminate\\Console\\OutputStyle))
#26 /Users/xilolomacbook/Apps/Foodhunts-backend/vendor/symfony/console/Application.php(1117): Illuminate\\Console\\Command->run(Object(Symfony\\Component\\Console\\Input\\ArgvInput), Object(Symfony\\Component\\Console\\Output\\ConsoleOutput))
#27 /Users/xilolomacbook/Apps/Foodhunts-backend/vendor/symfony/console/Application.php(356): Symfony\\Component\\Console\\Application->doRunCommand(Object(Illuminate\\Foundation\\Console\\ClosureCommand), Object(Symfony\\Component\\Console\\Input\\ArgvInput), Object(Symfony\\Component\\Console\\Output\\ConsoleOutput))
#28 /Users/xilolomacbook/Apps/Foodhunts-backend/vendor/symfony/console/Application.php(195): Symfony\\Component\\Console\\Application->doRun(Object(Symfony\\Component\\Console\\Input\\ArgvInput), Object(Symfony\\Component\\Console\\Output\\ConsoleOutput))
#29 /Users/xilolomacbook/Apps/Foodhunts-backend/vendor/laravel/framework/src/Illuminate/Foundation/Console/Kernel.php(198): Symfony\\Component\\Console\\Application->run(Object(Symfony\\Component\\Console\\Input\\ArgvInput), Object(Symfony\\Component\\Console\\Output\\ConsoleOutput))
#30 /Users/xilolomacbook/Apps/Foodhunts-backend/artisan(12): Illuminate\\Foundation\\Console\\Kernel->handle(Object(Symfony\\Component\\Console\\Input\\ArgvInput), Object(Symfony\\Component\\Console\\Output\\ConsoleOutput))
#31 {main}
"} 
[2026-08-02 08:51:50] local.ERROR: Class "Redis" not found {"exception":"[object] (Error(code: 0): Class \"Redis\" not found at /Users/xilolomacbook/Apps/Foodhunts-backend/vendor/laravel/framework/src/Illuminate/Redis/Connectors/PhpRedisConnector.php:80)
[stacktrace]
#0 /Users/xilolomacbook/Apps/Foodhunts-backend/vendor/laravel/framework/src/Illuminate/Redis/Connectors/PhpRedisConnector.php(34): Illuminate\\Redis\\Connectors\\PhpRedisConnector->createClient(Array)
#1 /Users/xilolomacbook/Apps/Foodhunts-backend/vendor/laravel/framework/src/Illuminate/Redis/Connectors/PhpRedisConnector.php(39): Illuminate\\Redis\\Connectors\\PhpRedisConnector->Illuminate\\Redis\\Connectors\\{closure}()
#2 /Users/xilolomacbook/Apps/Foodhunts-backend/vendor/laravel/framework/src/Illuminate/Redis/RedisManager.php(111): Illuminate\\Redis\\Connectors\\PhpRedisConnector->connect(Array, Array)
#3 /Users/xilolomacbook/Apps/Foodhunts-backend/vendor/laravel/framework/src/Illuminate/Redis/RedisManager.php(92): Illuminate\\Redis\\RedisManager->resolve('cache')
#4 /Users/xilolomacbook/Apps/Foodhunts-backend/vendor/laravel/framework/src/Illuminate/Cache/RedisStore.php(377): Illuminate\\Redis\\RedisManager->connection('cache')
#5 /Users/xilolomacbook/Apps/Foodhunts-backend/vendor/laravel/framework/src/Illuminate/Cache/RedisStore.php(284): Illuminate\\Cache\\RedisStore->connection()
#6 /Users/xilolomacbook/Apps/Foodhunts-backend/vendor/laravel/framework/src/Illuminate/Cache/Repository.php(979): Illuminate\\Cache\\RedisStore->flush()
#7 /Users/xilolomacbook/Apps/Foodhunts-backend/vendor/laravel/framework/src/Illuminate/Cache/Console/ClearCommand.php(68): Illuminate\\Cache\\Repository->__call('flush', Array)
#8 /Users/xilolomacbook/Apps/Foodhunts-backend/vendor/laravel/framework/src/Illuminate/Container/BoundMethod.php(36): Illuminate\\Cache\\Console\\ClearCommand->handle()
#9 /Users/xilolomacbook/Apps/Foodhunts-backend/vendor/laravel/framework/src/Illuminate/Container/Util.php(43): Illuminate\\Container\\BoundMethod::Illuminate\\Container\\{closure}()
#10 /Users/xilolomacbook/Apps/Foodhunts-backend/vendor/laravel/framework/src/Illuminate/Container/BoundMethod.php(96): Illuminate\\Container\\Util::unwrapIfClosure(Object(Closure))
#11 /Users/xilolomacbook/Apps/Foodhunts-backend/vendor/laravel/framework/src/Illuminate/Container/BoundMethod.php(35): Illuminate\\Container\\BoundMethod::callBoundMethod(Object(Illuminate\\Foundation\\Application), Array, Object(Closure))
#12 /Users/xilolomacbook/Apps/Foodhunts-backend/vendor/laravel/framework/src/Illuminate/Container/Container.php(799): Illuminate\\Container\\BoundMethod::call(Object(Illuminate\\Foundation\\Application), Array, Array, NULL)
#13 /Users/xilolomacbook/Apps/Foodhunts-backend/vendor/laravel/framework/src/Illuminate/Console/Command.php(211): Illuminate\\Container\\Container->call(Array)
#14 /Users/xilolomacbook/Apps/Foodhunts-backend/vendor/symfony/console/Command/Command.php(341): Illuminate\\Console\\Command->execute(Object(Symfony\\Component\\Console\\Input\\ArrayInput), Object(Illuminate\\Console\\OutputStyle))
#15 /Users/xilolomacbook/Apps/Foodhunts-backend/vendor/laravel/framework/src/Illuminate/Console/Command.php(180): Symfony\\Component\\Console\\Command\\Command->run(Object(Symfony\\Component\\Console\\Input\\ArrayInput), Object(Illuminate\\Console\\OutputStyle))
#16 /Users/xilolomacbook/Apps/Foodhunts-backend/vendor/laravel/framework/src/Illuminate/Console/Concerns/CallsCommands.php(68): Illuminate\\Console\\Command->run(Object(Symfony\\Component\\Console\\Input\\ArrayInput), Object(Symfony\\Component\\Console\\Output\\NullOutput))
#17 /Users/xilolomacbook/Apps/Foodhunts-backend/vendor/laravel/framework/src/Illuminate/Console/Concerns/CallsCommands.php(41): Illuminate\\Console\\Command->runCommand('cache:clear', Array, Object(Symfony\\Component\\Console\\Output\\NullOutput))
#18 /Users/xilolomacbook/Apps/Foodhunts-backend/vendor/laravel/framework/src/Illuminate/Console/Concerns/CallsCommands.php(53): Illuminate\\Console\\Command->callSilent('cache:clear', Array)
#19 /Users/xilolomacbook/Apps/Foodhunts-backend/vendor/laravel/framework/src/Illuminate/Foundation/Console/OptimizeClearCommand.php(48): Illuminate\\Console\\Command->callSilently('cache:clear')
#20 /Users/xilolomacbook/Apps/Foodhunts-backend/vendor/laravel/framework/src/Illuminate/Console/View/Components/Task.php(41): Illuminate\\Foundation\\Console\\OptimizeClearCommand->Illuminate\\Foundation\\Console\\{closure}()
#21 /Users/xilolomacbook/Apps/Foodhunts-backend/vendor/laravel/framework/src/Illuminate/Console/View/Components/Factory.php(59): Illuminate\\Console\\View\\Components\\Task->render('cache', Object(Closure))
#22 /Users/xilolomacbook/Apps/Foodhunts-backend/vendor/laravel/framework/src/Illuminate/Foundation/Console/OptimizeClearCommand.php(48): Illuminate\\Console\\View\\Components\\Factory->__call('task', Array)
#23 /Users/xilolomacbook/Apps/Foodhunts-backend/vendor/laravel/framework/src/Illuminate/Container/BoundMethod.php(36): Illuminate\\Foundation\\Console\\OptimizeClearCommand->handle()
#24 /Users/xilolomacbook/Apps/Foodhunts-backend/vendor/laravel/framework/src/Illuminate/Container/Util.php(43): Illuminate\\Container\\BoundMethod::Illuminate\\Container\\{closure}()
#25 /Users/xilolomacbook/Apps/Foodhunts-backend/vendor/laravel/framework/src/Illuminate/Container/BoundMethod.php(96): Illuminate\\Container\\Util::unwrapIfClosure(Object(Closure))
#26 /Users/xilolomacbook/Apps/Foodhunts-backend/vendor/laravel/framework/src/Illuminate/Container/BoundMethod.php(35): Illuminate\\Container\\BoundMethod::callBoundMethod(Object(Illuminate\\Foundation\\Application), Array, Object(Closure))
#27 /Users/xilolomacbook/Apps/Foodhunts-backend/vendor/laravel/framework/src/Illuminate/Container/Container.php(799): Illuminate\\Container\\BoundMethod::call(Object(Illuminate\\Foundation\\Application), Array, Array, NULL)
#28 /Users/xilolomacbook/Apps/Foodhunts-backend/vendor/laravel/framework/src/Illuminate/Console/Command.php(211): Illuminate\\Container\\Container->call(Array)
#29 /Users/xilolomacbook/Apps/Foodhunts-backend/vendor/symfony/console/Command/Command.php(341): Illuminate\\Console\\Command->execute(Object(Symfony\\Component\\Console\\Input\\ArgvInput), Object(Illuminate\\Console\\OutputStyle))
#30 /Users/xilolomacbook/Apps/Foodhunts-backend/vendor/laravel/framework/src/Illuminate/Console/Command.php(180): Symfony\\Component\\Console\\Command\\Command->run(Object(Symfony\\Component\\Console\\Input\\ArgvInput), Object(Illuminate\\Console\\OutputStyle))
#31 /Users/xilolomacbook/Apps/Foodhunts-backend/vendor/symfony/console/Application.php(1117): Illuminate\\Console\\Command->run(Object(Symfony\\Component\\Console\\Input\\ArgvInput), Object(Symfony\\Component\\Console\\Output\\ConsoleOutput))
#32 /Users/xilolomacbook/Apps/Foodhunts-backend/vendor/symfony/console/Application.php(356): Symfony\\Component\\Console\\Application->doRunCommand(Object(Illuminate\\Foundation\\Console\\OptimizeClearCommand), Object(Symfony\\Component\\Console\\Input\\ArgvInput), Object(Symfony\\Component\\Console\\Output\\ConsoleOutput))
#33 /Users/xilolomacbook/Apps/Foodhunts-backend/vendor/symfony/console/Application.php(195): Symfony\\Component\\Console\\Application->doRun(Object(Symfony\\Component\\Console\\Input\\ArgvInput), Object(Symfony\\Component\\Console\\Output\\ConsoleOutput))
#34 /Users/xilolomacbook/Apps/Foodhunts-backend/vendor/laravel/framework/src/Illuminate/Foundation/Console/Kernel.php(198): Symfony\\Component\\Console\\Application->run(Object(Symfony\\Component\\Console\\Input\\ArgvInput), Object(Symfony\\Component\\Console\\Output\\ConsoleOutput))
#35 /Users/xilolomacbook/Apps/Foodhunts-backend/artisan(12): Illuminate\\Foundation\\Console\\Kernel->handle(Object(Symfony\\Component\\Console\\Input\\ArgvInput), Object(Symfony\\Component\\Console\\Output\\ConsoleOutput))
#36 {main}
"} 
[2026-08-04 15:58:24] local.ERROR: SQLSTATE[08006] [7] connection to server at "127.0.0.1", port 5432 failed: Operation not permitted
	Is the server running on that host and accepting TCP/IP connections? (Connection: pgsql, Host: 127.0.0.1, Port: 5432, Database: foodhunts, SQL: select * from "restaurants" where "id" = 7ae9da06-06f5-425b-881e-4e14821184e7 limit 1) {"exception":"[object] (Illuminate\\Database\\QueryException(code: 7): SQLSTATE[08006] [7] connection to server at \"127.0.0.1\", port 5432 failed: Operation not permitted
\tIs the server running on that host and accepting TCP/IP connections? (Connection: pgsql, Host: 127.0.0.1, Port: 5432, Database: foodhunts, SQL: select * from \"restaurants\" where \"id\" = 7ae9da06-06f5-425b-881e-4e14821184e7 limit 1) at /Users/xilolomacbook/Apps/Foodhunts-backend/vendor/laravel/framework/src/Illuminate/Database/Connection.php:838)
[stacktrace]
#0 /Users/xilolomacbook/Apps/Foodhunts-backend/vendor/laravel/framework/src/Illuminate/Database/Connection.php(794): Illuminate\\Database\\Connection->runQueryCallback('select * from \"...', Array, Object(Closure))
#1 /Users/xilolomacbook/Apps/Foodhunts-backend/vendor/laravel/framework/src/Illuminate/Database/Connection.php(411): Illuminate\\Database\\Connection->run('select * from \"...', Array, Object(Closure))
#2 /Users/xilolomacbook/Apps/Foodhunts-backend/vendor/laravel/framework/src/Illuminate/Database/Query/Builder.php(3505): Illuminate\\Database\\Connection->select('select * from \"...', Array, true)
#3 /Users/xilolomacbook/Apps/Foodhunts-backend/vendor/laravel/framework/src/Illuminate/Database/Query/Builder.php(3490): Illuminate\\Database\\Query\\Builder->runSelect()
#4 /Users/xilolomacbook/Apps/Foodhunts-backend/vendor/laravel/framework/src/Illuminate/Database/Query/Builder.php(4080): Illuminate\\Database\\Query\\Builder->Illuminate\\Database\\Query\\{closure}()
#5 /Users/xilolomacbook/Apps/Foodhunts-backend/vendor/laravel/framework/src/Illuminate/Database/Query/Builder.php(3489): Illuminate\\Database\\Query\\Builder->onceWithColumns(Array, Object(Closure))
#6 /Users/xilolomacbook/Apps/Foodhunts-backend/vendor/laravel/framework/src/Illuminate/Database/Eloquent/Builder.php(902): Illuminate\\Database\\Query\\Builder->get(Array)
#7 /Users/xilolomacbook/Apps/Foodhunts-backend/vendor/laravel/framework/src/Illuminate/Database/Eloquent/Builder.php(884): Illuminate\\Database\\Eloquent\\Builder->getModels(Array)
#8 /Users/xilolomacbook/Apps/Foodhunts-backend/vendor/laravel/framework/src/Illuminate/Database/Concerns/BuildsQueries.php(366): Illuminate\\Database\\Eloquent\\Builder->get(Array)
#9 /Users/xilolomacbook/Apps/Foodhunts-backend/vendor/laravel/framework/src/Illuminate/Database/Eloquent/Model.php(2213): Illuminate\\Database\\Eloquent\\Builder->first()
#10 /Users/xilolomacbook/Apps/Foodhunts-backend/vendor/laravel/framework/src/Illuminate/Routing/ImplicitRouteBinding.php(60): Illuminate\\Database\\Eloquent\\Model->resolveRouteBinding('7ae9da06-06f5-4...', NULL)
#11 /Users/xilolomacbook/Apps/Foodhunts-backend/vendor/laravel/framework/src/Illuminate/Routing/Router.php(980): Illuminate\\Routing\\ImplicitRouteBinding::resolveForRoute(Object(Illuminate\\Foundation\\Application), Object(Illuminate\\Routing\\Route))
#12 [internal function]: Illuminate\\Routing\\Router->Illuminate\\Routing\\{closure}(Object(Illuminate\\Foundation\\Application), Object(Illuminate\\Routing\\Route), Object(Closure))
#13 /Users/xilolomacbook/Apps/Foodhunts-backend/vendor/laravel/framework/src/Illuminate/Routing/Router.php(982): call_user_func(Object(Closure), Object(Illuminate\\Foundation\\Application), Object(Illuminate\\Routing\\Route), Object(Closure))
#14 /Users/xilolomacbook/Apps/Foodhunts-backend/vendor/laravel/framework/src/Illuminate/Routing/Middleware/SubstituteBindings.php(41): Illuminate\\Routing\\Router->substituteImplicitBindings(Object(Illuminate\\Routing\\Route))
#15 /Users/xilolomacbook/Apps/Foodhunts-backend/vendor/laravel/framework/src/Illuminate/Pipeline/Pipeline.php(219): Illuminate\\Routing\\Middleware\\SubstituteBindings->handle(Object(Illuminate\\Http\\Request), Object(Closure))
#16 /Users/xilolomacbook/Apps/Foodhunts-backend/vendor/laravel/framework/src/Illuminate/Pipeline/Pipeline.php(137): Illuminate\\Pipeline\\Pipeline->Illuminate\\Pipeline\\{closure}(Object(Illuminate\\Http\\Request))
#17 /Users/xilolomacbook/Apps/Foodhunts-backend/vendor/laravel/framework/src/Illuminate/Routing/Router.php(821): Illuminate\\Pipeline\\Pipeline->then(Object(Closure))
#18 /Users/xilolomacbook/Apps/Foodhunts-backend/vendor/laravel/framework/src/Illuminate/Routing/Router.php(800): Illuminate\\Routing\\Router->runRouteWithinStack(Object(Illuminate\\Routing\\Route), Object(Illuminate\\Http\\Request))
#19 /Users/xilolomacbook/Apps/Foodhunts-backend/vendor/laravel/framework/src/Illuminate/Routing/Router.php(764): Illuminate\\Routing\\Router->runRoute(Object(Illuminate\\Http\\Request), Object(Illuminate\\Routing\\Route))
#20 /Users/xilolomacbook/Apps/Foodhunts-backend/vendor/laravel/framework/src/Illuminate/Routing/Router.php(753): Illuminate\\Routing\\Router->dispatchToRoute(Object(Illuminate\\Http\\Request))
#21 /Users/xilolomacbook/Apps/Foodhunts-backend/vendor/laravel/framework/src/Illuminate/Foundation/Http/Kernel.php(200): Illuminate\\Routing\\Router->dispatch(Object(Illuminate\\Http\\Request))
#22 /Users/xilolomacbook/Apps/Foodhunts-backend/vendor/laravel/framework/src/Illuminate/Pipeline/Pipeline.php(180): Illuminate\\Foundation\\Http\\Kernel->Illuminate\\Foundation\\Http\\{closure}(Object(Illuminate\\Http\\Request))
#23 /Users/xilolomacbook/Apps/Foodhunts-backend/vendor/laravel/framework/src/Illuminate/Foundation/Http/Middleware/TransformsRequest.php(21): Illuminate\\Pipeline\\Pipeline->Illuminate\\Pipeline\\{closure}(Object(Illuminate\\Http\\Request))
#24 /Users/xilolomacbook/Apps/Foodhunts-backend/vendor/laravel/framework/src/Illuminate/Foundation/Http/Middleware/ConvertEmptyStringsToNull.php(31): Illuminate\\Foundation\\Http\\Middleware\\TransformsRequest->handle(Object(Illuminate\\Http\\Request), Object(Closure))
#25 /Users/xilolomacbook/Apps/Foodhunts-backend/vendor/laravel/framework/src/Illuminate/Pipeline/Pipeline.php(219): Illuminate\\Foundation\\Http\\Middleware\\ConvertEmptyStringsToNull->handle(Object(Illuminate\\Http\\Request), Object(Closure))
#26 /Users/xilolomacbook/Apps/Foodhunts-backend/vendor/laravel/framework/src/Illuminate/Foundation/Http/Middleware/TransformsRequest.php(21): Illuminate\\Pipeline\\Pipeline->Illuminate\\Pipeline\\{closure}(Object(Illuminate\\Http\\Request))
#27 /Users/xilolomacbook/Apps/Foodhunts-backend/vendor/laravel/framework/src/Illuminate/Foundation/Http/Middleware/TrimStrings.php(51): Illuminate\\Foundation\\Http\\Middleware\\TransformsRequest->handle(Object(Illuminate\\Http\\Request), Object(Closure))
#28 /Users/xilolomacbook/Apps/Foodhunts-backend/vendor/laravel/framework/src/Illuminate/Pipeline/Pipeline.php(219): Illuminate\\Foundation\\Http\\Middleware\\TrimStrings->handle(Object(Illuminate\\Http\\Request), Object(Closure))
#29 /Users/xilolomacbook/Apps/Foodhunts-backend/vendor/laravel/framework/src/Illuminate/Http/Middleware/ValidatePostSize.php(27): Illuminate\\Pipeline\\Pipeline->Illuminate\\Pipeline\\{closure}(Object(Illuminate\\Http\\Request))
#30 /Users/xilolomacbook/Apps/Foodhunts-backend/vendor/laravel/framework/src/Illuminate/Pipeline/Pipeline.php(219): Illuminate\\Http\\Middleware\\ValidatePostSize->handle(Object(Illuminate\\Http\\Request), Object(Closure))
#31 /Users/xilolomacbook/Apps/Foodhunts-backend/vendor/laravel/framework/src/Illuminate/Foundation/Http/Middleware/PreventRequestsDuringMaintenance.php(109): Illuminate\\Pipeline\\Pipeline->Illuminate\\Pipeline\\{closure}(Object(Illuminate\\Http\\Request))
#32 /Users/xilolomacbook/Apps/Foodhunts-backend/vendor/laravel/framework/src/Illuminate/Pipeline/Pipeline.php(219): Illuminate\\Foundation\\Http\\Middleware\\PreventRequestsDuringMaintenance->handle(Object(Illuminate\\Http\\Request), Object(Closure))
#33 /Users/xilolomacbook/Apps/Foodhunts-backend/vendor/laravel/framework/src/Illuminate/Http/Middleware/HandleCors.php(74): Illuminate\\Pipeline\\Pipeline->Illuminate\\Pipeline\\{closure}(Object(Illuminate\\Http\\Request))
#34 /Users/xilolomacbook/Apps/Foodhunts-backend/vendor/laravel/framework/src/Illuminate/Pipeline/Pipeline.php(219): Illuminate\\Http\\Middleware\\HandleCors->handle(Object(Illuminate\\Http\\Request), Object(Closure))
#35 /Users/xilolomacbook/Apps/Foodhunts-backend/vendor/laravel/framework/src/Illuminate/Http/Middleware/TrustProxies.php(58): Illuminate\\Pipeline\\Pipeline->Illuminate\\Pipeline\\{closure}(Object(Illuminate\\Http\\Request))
#36 /Users/xilolomacbook/Apps/Foodhunts-backend/vendor/laravel/framework/src/Illuminate/Pipeline/Pipeline.php(219): Illuminate\\Http\\Middleware\\TrustProxies->handle(Object(Illuminate\\Http\\Request), Object(Closure))
#37 /Users/xilolomacbook/Apps/Foodhunts-backend/vendor/laravel/framework/src/Illuminate/Foundation/Http/Middleware/InvokeDeferredCallbacks.php(22): Illuminate\\Pipeline\\Pipeline->Illuminate\\Pipeline\\{closure}(Object(Illuminate\\Http\\Request))
#38 /Users/xilolomacbook/Apps/Foodhunts-backend/vendor/laravel/framework/src/Illuminate/Pipeline/Pipeline.php(219): Illuminate\\Foundation\\Http\\Middleware\\InvokeDeferredCallbacks->handle(Object(Illuminate\\Http\\Request), Object(Closure))
#39 /Users/xilolomacbook/Apps/Foodhunts-backend/vendor/laravel/framework/src/Illuminate/Http/Middleware/ValidatePathEncoding.php(26): Illuminate\\Pipeline\\Pipeline->Illuminate\\Pipeline\\{closure}(Object(Illuminate\\Http\\Request))
#40 /Users/xilolomacbook/Apps/Foodhunts-backend/vendor/laravel/framework/src/Illuminate/Pipeline/Pipeline.php(219): Illuminate\\Http\\Middleware\\ValidatePathEncoding->handle(Object(Illuminate\\Http\\Request), Object(Closure))
#41 /Users/xilolomacbook/Apps/Foodhunts-backend/vendor/laravel/framework/src/Illuminate/Pipeline/Pipeline.php(137): Illuminate\\Pipeline\\Pipeline->Illuminate\\Pipeline\\{closure}(Object(Illuminate\\Http\\Request))
#42 /Users/xilolomacbook/Apps/Foodhunts-backend/vendor/laravel/framework/src/Illuminate/Foundation/Http/Kernel.php(175): Illuminate\\Pipeline\\Pipeline->then(Object(Closure))
#43 /Users/xilolomacbook/Apps/Foodhunts-backend/vendor/laravel/framework/src/Illuminate/Foundation/Http/Kernel.php(144): Illuminate\\Foundation\\Http\\Kernel->sendRequestThroughRouter(Object(Illuminate\\Http\\Request))
#44 /Users/xilolomacbook/Apps/Foodhunts-backend/vendor/laravel/framework/src/Illuminate/Foundation/Testing/Concerns/MakesHttpRequests.php(607): Illuminate\\Foundation\\Http\\Kernel->handle(Object(Illuminate\\Http\\Request))
#45 /Users/xilolomacbook/Apps/Foodhunts-backend/vendor/laravel/framework/src/Illuminate/Foundation/Testing/Concerns/MakesHttpRequests.php(573): Illuminate\\Foundation\\Testing\\TestCase->call('POST', '/api/v2/restaur...', Array, Array, Array, Array, '[]')
#46 /Users/xilolomacbook/Apps/Foodhunts-backend/vendor/laravel/framework/src/Illuminate/Foundation/Testing/Concerns/MakesHttpRequests.php(411): Illuminate\\Foundation\\Testing\\TestCase->json('POST', '/api/v2/restaur...', Array, Array, 0)
#47 /Users/xilolomacbook/Apps/Foodhunts-backend/tests/Feature/MediaUploadTest.php(34): Illuminate\\Foundation\\Testing\\TestCase->postJson('/api/v2/restaur...')
#48 /Users/xilolomacbook/Apps/Foodhunts-backend/vendor/phpunit/phpunit/src/Framework/TestCase.php(1667): Tests\\Feature\\MediaUploadTest->test_unauthenticated_upload_is_rejected()
#49 /Users/xilolomacbook/Apps/Foodhunts-backend/vendor/phpunit/phpunit/src/Framework/TestCase.php(519): PHPUnit\\Framework\\TestCase->runTest()
#50 /Users/xilolomacbook/Apps/Foodhunts-backend/vendor/phpunit/phpunit/src/Framework/TestRunner/TestRunner.php(87): PHPUnit\\Framework\\TestCase->runBare()
#51 /Users/xilolomacbook/Apps/Foodhunts-backend/vendor/phpunit/phpunit/src/Framework/TestCase.php(365): PHPUnit\\Framework\\TestRunner->run(Object(Tests\\Feature\\MediaUploadTest))
#52 /Users/xilolomacbook/Apps/Foodhunts-backend/vendor/phpunit/phpunit/src/Framework/TestSuite.php(369): PHPUnit\\Framework\\TestCase->run()
#53 /Users/xilolomacbook/Apps/Foodhunts-backend/vendor/phpunit/phpunit/src/Framework/TestSuite.php(369): PHPUnit\\Framework\\TestSuite->run()
#54 /Users/xilolomacbook/Apps/Foodhunts-backend/vendor/phpunit/phpunit/src/Framework/TestSuite.php(369): PHPUnit\\Framework\\TestSuite->run()
#55 /Users/xilolomacbook/Apps/Foodhunts-backend/vendor/phpunit/phpunit/src/TextUI/TestRunner.php(64): PHPUnit\\Framework\\TestSuite->run()
#56 /Users/xilolomacbook/Apps/Foodhunts-backend/vendor/phpunit/phpunit/src/TextUI/Application.php(211): PHPUnit\\TextUI\\TestRunner->run(Object(PHPUnit\\TextUI\\Configuration\\Configuration), Object(PHPUnit\\Runner\\ResultCache\\DefaultResultCache), Object(PHPUnit\\Framework\\TestSuite))
#57 /Users/xilolomacbook/Apps/Foodhunts-backend/vendor/phpunit/phpunit/phpunit(104): PHPUnit\\TextUI\\Application->run(Array)
#58 {main}

[previous exception] [object] (PDOException(code: 7): SQLSTATE[08006] [7] connection to server at \"127.0.0.1\", port 5432 failed: Operation not permitted
\tIs the server running on that host and accepting TCP/IP connections? at /Users/xilolomacbook/Apps/Foodhunts-backend/vendor/laravel/framework/src/Illuminate/Database/Connectors/Connector.php:66)
[stacktrace]
#0 /Users/xilolomacbook/Apps/Foodhunts-backend/vendor/laravel/framework/src/Illuminate/Database/Connectors/Connector.php(66): PDO->__construct('pgsql:host=127....', 'postgres', Object(SensitiveParameterValue), Array)
#1 /Users/xilolomacbook/Apps/Foodhunts-backend/vendor/laravel/framework/src/Illuminate/Database/Connectors/Connector.php(44): Illuminate\\Database\\Connectors\\Connector->createPdoConnection('pgsql:host=127....', 'postgres', Object(SensitiveParameterValue), Array)
#2 /Users/xilolomacbook/Apps/Foodhunts-backend/vendor/laravel/framework/src/Illuminate/Database/Connectors/PostgresConnector.php(35): Illuminate\\Database\\Connectors\\Connector->createConnection('pgsql:host=127....', Array, Array)
#3 /Users/xilolomacbook/Apps/Foodhunts-backend/vendor/laravel/framework/src/Illuminate/Database/Connectors/ConnectionFactory.php(186): Illuminate\\Database\\Connectors\\PostgresConnector->connect(Array)
#4 [internal function]: Illuminate\\Database\\Connectors\\ConnectionFactory->Illuminate\\Database\\Connectors\\{closure}()
#5 /Users/xilolomacbook/Apps/Foodhunts-backend/vendor/laravel/framework/src/Illuminate/Database/Connection.php(1257): call_user_func(Object(Closure))
#6 /Users/xilolomacbook/Apps/Foodhunts-backend/vendor/laravel/framework/src/Illuminate/Database/Connection.php(1295): Illuminate\\Database\\Connection->getPdo()
#7 /Users/xilolomacbook/Apps/Foodhunts-backend/vendor/laravel/framework/src/Illuminate/Database/Connection.php(525): Illuminate\\Database\\Connection->getReadPdo()
#8 /Users/xilolomacbook/Apps/Foodhunts-backend/vendor/laravel/framework/src/Illuminate/Database/Connection.php(420): Illuminate\\Database\\Connection->getPdoForSelect(true)
#9 /Users/xilolomacbook/Apps/Foodhunts-backend/vendor/laravel/framework/src/Illuminate/Database/Connection.php(827): Illuminate\\Database\\Connection->Illuminate\\Database\\{closure}('select * from \"...', Array)
#10 /Users/xilolomacbook/Apps/Foodhunts-backend/vendor/laravel/framework/src/Illuminate/Database/Connection.php(794): Illuminate\\Database\\Connection->runQueryCallback('select * from \"...', Array, Object(Closure))
#11 /Users/xilolomacbook/Apps/Foodhunts-backend/vendor/laravel/framework/src/Illuminate/Database/Connection.php(411): Illuminate\\Database\\Connection->run('select * from \"...', Array, Object(Closure))
#12 /Users/xilolomacbook/Apps/Foodhunts-backend/vendor/laravel/framework/src/Illuminate/Database/Query/Builder.php(3505): Illuminate\\Database\\Connection->select('select * from \"...', Array, true)
#13 /Users/xilolomacbook/Apps/Foodhunts-backend/vendor/laravel/framework/src/Illuminate/Database/Query/Builder.php(3490): Illuminate\\Database\\Query\\Builder->runSelect()
#14 /Users/xilolomacbook/Apps/Foodhunts-backend/vendor/laravel/framework/src/Illuminate/Database/Query/Builder.php(4080): Illuminate\\Database\\Query\\Builder->Illuminate\\Database\\Query\\{closure}()
#15 /Users/xilolomacbook/Apps/Foodhunts-backend/vendor/laravel/framework/src/Illuminate/Database/Query/Builder.php(3489): Illuminate\\Database\\Query\\Builder->onceWithColumns(Array, Object(Closure))
#16 /Users/xilolomacbook/Apps/Foodhunts-backend/vendor/laravel/framework/src/Illuminate/Database/Eloquent/Builder.php(902): Illuminate\\Database\\Query\\Builder->get(Array)
#17 /Users/xilolomacbook/Apps/Foodhunts-backend/vendor/laravel/framework/src/Illuminate/Database/Eloquent/Builder.php(884): Illuminate\\Database\\Eloquent\\Builder->getModels(Array)
#18 /Users/xilolomacbook/Apps/Foodhunts-backend/vendor/laravel/framework/src/Illuminate/Database/Concerns/BuildsQueries.php(366): Illuminate\\Database\\Eloquent\\Builder->get(Array)
#19 /Users/xilolomacbook/Apps/Foodhunts-backend/vendor/laravel/framework/src/Illuminate/Database/Eloquent/Model.php(2213): Illuminate\\Database\\Eloquent\\Builder->first()
#20 /Users/xilolomacbook/Apps/Foodhunts-backend/vendor/laravel/framework/src/Illuminate/Routing/ImplicitRouteBinding.php(60): Illuminate\\Database\\Eloquent\\Model->resolveRouteBinding('7ae9da06-06f5-4...', NULL)
#21 /Users/xilolomacbook/Apps/Foodhunts-backend/vendor/laravel/framework/src/Illuminate/Routing/Router.php(980): Illuminate\\Routing\\ImplicitRouteBinding::resolveForRoute(Object(Illuminate\\Foundation\\Application), Object(Illuminate\\Routing\\Route))
#22 [internal function]: Illuminate\\Routing\\Router->Illuminate\\Routing\\{closure}(Object(Illuminate\\Foundation\\Application), Object(Illuminate\\Routing\\Route), Object(Closure))
#23 /Users/xilolomacbook/Apps/Foodhunts-backend/vendor/laravel/framework/src/Illuminate/Routing/Router.php(982): call_user_func(Object(Closure), Object(Illuminate\\Foundation\\Application), Object(Illuminate\\Routing\\Route), Object(Closure))
#24 /Users/xilolomacbook/Apps/Foodhunts-backend/vendor/laravel/framework/src/Illuminate/Routing/Middleware/SubstituteBindings.php(41): Illuminate\\Routing\\Router->substituteImplicitBindings(Object(Illuminate\\Routing\\Route))
#25 /Users/xilolomacbook/Apps/Foodhunts-backend/vendor/laravel/framework/src/Illuminate/Pipeline/Pipeline.php(219): Illuminate\\Routing\\Middleware\\SubstituteBindings->handle(Object(Illuminate\\Http\\Request), Object(Closure))
#26 /Users/xilolomacbook/Apps/Foodhunts-backend/vendor/laravel/framework/src/Illuminate/Pipeline/Pipeline.php(137): Illuminate\\Pipeline\\Pipeline->Illuminate\\Pipeline\\{closure}(Object(Illuminate\\Http\\Request))
#27 /Users/xilolomacbook/Apps/Foodhunts-backend/vendor/laravel/framework/src/Illuminate/Routing/Router.php(821): Illuminate\\Pipeline\\Pipeline->then(Object(Closure))
#28 /Users/xilolomacbook/Apps/Foodhunts-backend/vendor/laravel/framework/src/Illuminate/Routing/Router.php(800): Illuminate\\Routing\\Router->runRouteWithinStack(Object(Illuminate\\Routing\\Route), Object(Illuminate\\Http\\Request))
#29 /Users/xilolomacbook/Apps/Foodhunts-backend/vendor/laravel/framework/src/Illuminate/Routing/Router.php(764): Illuminate\\Routing\\Router->runRoute(Object(Illuminate\\Http\\Request), Object(Illuminate\\Routing\\Route))
#30 /Users/xilolomacbook/Apps/Foodhunts-backend/vendor/laravel/framework/src/Illuminate/Routing/Router.php(753): Illuminate\\Routing\\Router->dispatchToRoute(Object(Illuminate\\Http\\Request))
#31 /Users/xilolomacbook/Apps/Foodhunts-backend/vendor/laravel/framework/src/Illuminate/Foundation/Http/Kernel.php(200): Illuminate\\Routing\\Router->dispatch(Object(Illuminate\\Http\\Request))
#32 /Users/xilolomacbook/Apps/Foodhunts-backend/vendor/laravel/framework/src/Illuminate/Pipeline/Pipeline.php(180): Illuminate\\Foundation\\Http\\Kernel->Illuminate\\Foundation\\Http\\{closure}(Object(Illuminate\\Http\\Request))
#33 /Users/xilolomacbook/Apps/Foodhunts-backend/vendor/laravel/framework/src/Illuminate/Foundation/Http/Middleware/TransformsRequest.php(21): Illuminate\\Pipeline\\Pipeline->Illuminate\\Pipeline\\{closure}(Object(Illuminate\\Http\\Request))
#34 /Users/xilolomacbook/Apps/Foodhunts-backend/vendor/laravel/framework/src/Illuminate/Foundation/Http/Middleware/ConvertEmptyStringsToNull.php(31): Illuminate\\Foundation\\Http\\Middleware\\TransformsRequest->handle(Object(Illuminate\\Http\\Request), Object(Closure))
#35 /Users/xilolomacbook/Apps/Foodhunts-backend/vendor/laravel/framework/src/Illuminate/Pipeline/Pipeline.php(219): Illuminate\\Foundation\\Http\\Middleware\\ConvertEmptyStringsToNull->handle(Object(Illuminate\\Http\\Request), Object(Closure))
#36 /Users/xilolomacbook/Apps/Foodhunts-backend/vendor/laravel/framework/src/Illuminate/Foundation/Http/Middleware/TransformsRequest.php(21): Illuminate\\Pipeline\\Pipeline->Illuminate\\Pipeline\\{closure}(Object(Illuminate\\Http\\Request))
#37 /Users/xilolomacbook/Apps/Foodhunts-backend/vendor/laravel/framework/src/Illuminate/Foundation/Http/Middleware/TrimStrings.php(51): Illuminate\\Foundation\\Http\\Middleware\\TransformsRequest->handle(Object(Illuminate\\Http\\Request), Object(Closure))
#38 /Users/xilolomacbook/Apps/Foodhunts-backend/vendor/laravel/framework/src/Illuminate/Pipeline/Pipeline.php(219): Illuminate\\Foundation\\Http\\Middleware\\TrimStrings->handle(Object(Illuminate\\Http\\Request), Object(Closure))
#39 /Users/xilolomacbook/Apps/Foodhunts-backend/vendor/laravel/framework/src/Illuminate/Http/Middleware/ValidatePostSize.php(27): Illuminate\\Pipeline\\Pipeline->Illuminate\\Pipeline\\{closure}(Object(Illuminate\\Http\\Request))
#40 /Users/xilolomacbook/Apps/Foodhunts-backend/vendor/laravel/framework/src/Illuminate/Pipeline/Pipeline.php(219): Illuminate\\Http\\Middleware\\ValidatePostSize->handle(Object(Illuminate\\Http\\Request), Object(Closure))
#41 /Users/xilolomacbook/Apps/Foodhunts-backend/vendor/laravel/framework/src/Illuminate/Foundation/Http/Middleware/PreventRequestsDuringMaintenance.php(109): Illuminate\\Pipeline\\Pipeline->Illuminate\\Pipeline\\{closure}(Object(Illuminate\\Http\\Request))
#42 /Users/xilolomacbook/Apps/Foodhunts-backend/vendor/laravel/framework/src/Illuminate/Pipeline/Pipeline.php(219): Illuminate\\Foundation\\Http\\Middleware\\PreventRequestsDuringMaintenance->handle(Object(Illuminate\\Http\\Request), Object(Closure))
#43 /Users/xilolomacbook/Apps/Foodhunts-backend/vendor/laravel/framework/src/Illuminate/Http/Middleware/HandleCors.php(74): Illuminate\\Pipeline\\Pipeline->Illuminate\\Pipeline\\{closure}(Object(Illuminate\\Http\\Request))
#44 /Users/xilolomacbook/Apps/Foodhunts-backend/vendor/laravel/framework/src/Illuminate/Pipeline/Pipeline.php(219): Illuminate\\Http\\Middleware\\HandleCors->handle(Object(Illuminate\\Http\\Request), Object(Closure))
#45 /Users/xilolomacbook/Apps/Foodhunts-backend/vendor/laravel/framework/src/Illuminate/Http/Middleware/TrustProxies.php(58): Illuminate\\Pipeline\\Pipeline->Illuminate\\Pipeline\\{closure}(Object(Illuminate\\Http\\Request))
#46 /Users/xilolomacbook/Apps/Foodhunts-backend/vendor/laravel/framework/src/Illuminate/Pipeline/Pipeline.php(219): Illuminate\\Http\\Middleware\\TrustProxies->handle(Object(Illuminate\\Http\\Request), Object(Closure))
#47 /Users/xilolomacbook/Apps/Foodhunts-backend/vendor/laravel/framework/src/Illuminate/Foundation/Http/Middleware/InvokeDeferredCallbacks.php(22): Illuminate\\Pipeline\\Pipeline->Illuminate\\Pipeline\\{closure}(Object(Illuminate\\Http\\Request))
#48 /Users/xilolomacbook/Apps/Foodhunts-backend/vendor/laravel/framework/src/Illuminate/Pipeline/Pipeline.php(219): Illuminate\\Foundation\\Http\\Middleware\\InvokeDeferredCallbacks->handle(Object(Illuminate\\Http\\Request), Object(Closure))
#49 /Users/xilolomacbook/Apps/Foodhunts-backend/vendor/laravel/framework/src/Illuminate/Http/Middleware/ValidatePathEncoding.php(26): Illuminate\\Pipeline\\Pipeline->Illuminate\\Pipeline\\{closure}(Object(Illuminate\\Http\\Request))
#50 /Users/xilolomacbook/Apps/Foodhunts-backend/vendor/laravel/framework/src/Illuminate/Pipeline/Pipeline.php(219): Illuminate\\Http\\Middleware\\ValidatePathEncoding->handle(Object(Illuminate\\Http\\Request), Object(Closure))
#51 /Users/xilolomacbook/Apps/Foodhunts-backend/vendor/laravel/framework/src/Illuminate/Pipeline/Pipeline.php(137): Illuminate\\Pipeline\\Pipeline->Illuminate\\Pipeline\\{closure}(Object(Illuminate\\Http\\Request))
#52 /Users/xilolomacbook/Apps/Foodhunts-backend/vendor/laravel/framework/src/Illuminate/Foundation/Http/Kernel.php(175): Illuminate\\Pipeline\\Pipeline->then(Object(Closure))
#53 /Users/xilolomacbook/Apps/Foodhunts-backend/vendor/laravel/framework/src/Illuminate/Foundation/Http/Kernel.php(144): Illuminate\\Foundation\\Http\\Kernel->sendRequestThroughRouter(Object(Illuminate\\Http\\Request))
#54 /Users/xilolomacbook/Apps/Foodhunts-backend/vendor/laravel/framework/src/Illuminate/Foundation/Testing/Concerns/MakesHttpRequests.php(607): Illuminate\\Foundation\\Http\\Kernel->handle(Object(Illuminate\\Http\\Request))
#55 /Users/xilolomacbook/Apps/Foodhunts-backend/vendor/laravel/framework/src/Illuminate/Foundation/Testing/Concerns/MakesHttpRequests.php(573): Illuminate\\Foundation\\Testing\\TestCase->call('POST', '/api/v2/restaur...', Array, Array, Array, Array, '[]')
#56 /Users/xilolomacbook/Apps/Foodhunts-backend/vendor/laravel/framework/src/Illuminate/Foundation/Testing/Concerns/MakesHttpRequests.php(411): Illuminate\\Foundation\\Testing\\TestCase->json('POST', '/api/v2/restaur...', Array, Array, 0)
#57 /Users/xilolomacbook/Apps/Foodhunts-backend/tests/Feature/MediaUploadTest.php(34): Illuminate\\Foundation\\Testing\\TestCase->postJson('/api/v2/restaur...')
#58 /Users/xilolomacbook/Apps/Foodhunts-backend/vendor/phpunit/phpunit/src/Framework/TestCase.php(1667): Tests\\Feature\\MediaUploadTest->test_unauthenticated_upload_is_rejected()
#59 /Users/xilolomacbook/Apps/Foodhunts-backend/vendor/phpunit/phpunit/src/Framework/TestCase.php(519): PHPUnit\\Framework\\TestCase->runTest()
#60 /Users/xilolomacbook/Apps/Foodhunts-backend/vendor/phpunit/phpunit/src/Framework/TestRunner/TestRunner.php(87): PHPUnit\\Framework\\TestCase->runBare()
#61 /Users/xilolomacbook/Apps/Foodhunts-backend/vendor/phpunit/phpunit/src/Framework/TestCase.php(365): PHPUnit\\Framework\\TestRunner->run(Object(Tests\\Feature\\MediaUploadTest))
#62 /Users/xilolomacbook/Apps/Foodhunts-backend/vendor/phpunit/phpunit/src/Framework/TestSuite.php(369): PHPUnit\\Framework\\TestCase->run()
#63 /Users/xilolomacbook/Apps/Foodhunts-backend/vendor/phpunit/phpunit/src/Framework/TestSuite.php(369): PHPUnit\\Framework\\TestSuite->run()
#64 /Users/xilolomacbook/Apps/Foodhunts-backend/vendor/phpunit/phpunit/src/Framework/TestSuite.php(369): PHPUnit\\Framework\\TestSuite->run()
#65 /Users/xilolomacbook/Apps/Foodhunts-backend/vendor/phpunit/phpunit/src/TextUI/TestRunner.php(64): PHPUnit\\Framework\\TestSuite->run()
#66 /Users/xilolomacbook/Apps/Foodhunts-backend/vendor/phpunit/phpunit/src/TextUI/Application.php(211): PHPUnit\\TextUI\\TestRunner->run(Object(PHPUnit\\TextUI\\Configuration\\Configuration), Object(PHPUnit\\Runner\\ResultCache\\DefaultResultCache), Object(PHPUnit\\Framework\\TestSuite))
#67 /Users/xilolomacbook/Apps/Foodhunts-backend/vendor/phpunit/phpunit/phpunit(104): PHPUnit\\TextUI\\Application->run(Array)
#68 {main}
"} 
[2026-08-04 15:58:41] local.ERROR: SQLSTATE[08006] [7] connection to server at "127.0.0.1", port 5432 failed: Operation not permitted
	Is the server running on that host and accepting TCP/IP connections? (Connection: pgsql, Host: 127.0.0.1, Port: 5432, Database: foodhunts, SQL: select * from "restaurants" where "id" = 7ae9da06-06f5-425b-881e-4e14821184e7 limit 1) {"exception":"[object] (Illuminate\\Database\\QueryException(code: 7): SQLSTATE[08006] [7] connection to server at \"127.0.0.1\", port 5432 failed: Operation not permitted
\tIs the server running on that host and accepting TCP/IP connections? (Connection: pgsql, Host: 127.0.0.1, Port: 5432, Database: foodhunts, SQL: select * from \"restaurants\" where \"id\" = 7ae9da06-06f5-425b-881e-4e14821184e7 limit 1) at /Users/xilolomacbook/Apps/Foodhunts-backend/vendor/laravel/framework/src/Illuminate/Database/Connection.php:838)
[stacktrace]
#0 /Users/xilolomacbook/Apps/Foodhunts-backend/vendor/laravel/framework/src/Illuminate/Database/Connection.php(794): Illuminate\\Database\\Connection->runQueryCallback('select * from \"...', Array, Object(Closure))
#1 /Users/xilolomacbook/Apps/Foodhunts-backend/vendor/laravel/framework/src/Illuminate/Database/Connection.php(411): Illuminate\\Database\\Connection->run('select * from \"...', Array, Object(Closure))
#2 /Users/xilolomacbook/Apps/Foodhunts-backend/vendor/laravel/framework/src/Illuminate/Database/Query/Builder.php(3505): Illuminate\\Database\\Connection->select('select * from \"...', Array, true)
#3 /Users/xilolomacbook/Apps/Foodhunts-backend/vendor/laravel/framework/src/Illuminate/Database/Query/Builder.php(3490): Illuminate\\Database\\Query\\Builder->runSelect()
#4 /Users/xilolomacbook/Apps/Foodhunts-backend/vendor/laravel/framework/src/Illuminate/Database/Query/Builder.php(4080): Illuminate\\Database\\Query\\Builder->Illuminate\\Database\\Query\\{closure}()
#5 /Users/xilolomacbook/Apps/Foodhunts-backend/vendor/laravel/framework/src/Illuminate/Database/Query/Builder.php(3489): Illuminate\\Database\\Query\\Builder->onceWithColumns(Array, Object(Closure))
#6 /Users/xilolomacbook/Apps/Foodhunts-backend/vendor/laravel/framework/src/Illuminate/Database/Eloquent/Builder.php(902): Illuminate\\Database\\Query\\Builder->get(Array)
#7 /Users/xilolomacbook/Apps/Foodhunts-backend/vendor/laravel/framework/src/Illuminate/Database/Eloquent/Builder.php(884): Illuminate\\Database\\Eloquent\\Builder->getModels(Array)
#8 /Users/xilolomacbook/Apps/Foodhunts-backend/vendor/laravel/framework/src/Illuminate/Database/Concerns/BuildsQueries.php(366): Illuminate\\Database\\Eloquent\\Builder->get(Array)
#9 /Users/xilolomacbook/Apps/Foodhunts-backend/vendor/laravel/framework/src/Illuminate/Database/Eloquent/Model.php(2213): Illuminate\\Database\\Eloquent\\Builder->first()
#10 /Users/xilolomacbook/Apps/Foodhunts-backend/vendor/laravel/framework/src/Illuminate/Routing/ImplicitRouteBinding.php(60): Illuminate\\Database\\Eloquent\\Model->resolveRouteBinding('7ae9da06-06f5-4...', NULL)
#11 /Users/xilolomacbook/Apps/Foodhunts-backend/vendor/laravel/framework/src/Illuminate/Routing/Router.php(980): Illuminate\\Routing\\ImplicitRouteBinding::resolveForRoute(Object(Illuminate\\Foundation\\Application), Object(Illuminate\\Routing\\Route))
#12 [internal function]: Illuminate\\Routing\\Router->Illuminate\\Routing\\{closure}(Object(Illuminate\\Foundation\\Application), Object(Illuminate\\Routing\\Route), Object(Closure))
#13 /Users/xilolomacbook/Apps/Foodhunts-backend/vendor/laravel/framework/src/Illuminate/Routing/Router.php(982): call_user_func(Object(Closure), Object(Illuminate\\Foundation\\Application), Object(Illuminate\\Routing\\Route), Object(Closure))
#14 /Users/xilolomacbook/Apps/Foodhunts-backend/vendor/laravel/framework/src/Illuminate/Routing/Middleware/SubstituteBindings.php(41): Illuminate\\Routing\\Router->substituteImplicitBindings(Object(Illuminate\\Routing\\Route))
#15 /Users/xilolomacbook/Apps/Foodhunts-backend/vendor/laravel/framework/src/Illuminate/Pipeline/Pipeline.php(219): Illuminate\\Routing\\Middleware\\SubstituteBindings->handle(Object(Illuminate\\Http\\Request), Object(Closure))
#16 /Users/xilolomacbook/Apps/Foodhunts-backend/vendor/laravel/framework/src/Illuminate/Pipeline/Pipeline.php(137): Illuminate\\Pipeline\\Pipeline->Illuminate\\Pipeline\\{closure}(Object(Illuminate\\Http\\Request))
#17 /Users/xilolomacbook/Apps/Foodhunts-backend/vendor/laravel/framework/src/Illuminate/Routing/Router.php(821): Illuminate\\Pipeline\\Pipeline->then(Object(Closure))
#18 /Users/xilolomacbook/Apps/Foodhunts-backend/vendor/laravel/framework/src/Illuminate/Routing/Router.php(800): Illuminate\\Routing\\Router->runRouteWithinStack(Object(Illuminate\\Routing\\Route), Object(Illuminate\\Http\\Request))
#19 /Users/xilolomacbook/Apps/Foodhunts-backend/vendor/laravel/framework/src/Illuminate/Routing/Router.php(764): Illuminate\\Routing\\Router->runRoute(Object(Illuminate\\Http\\Request), Object(Illuminate\\Routing\\Route))
#20 /Users/xilolomacbook/Apps/Foodhunts-backend/vendor/laravel/framework/src/Illuminate/Routing/Router.php(753): Illuminate\\Routing\\Router->dispatchToRoute(Object(Illuminate\\Http\\Request))
#21 /Users/xilolomacbook/Apps/Foodhunts-backend/vendor/laravel/framework/src/Illuminate/Foundation/Http/Kernel.php(200): Illuminate\\Routing\\Router->dispatch(Object(Illuminate\\Http\\Request))
#22 /Users/xilolomacbook/Apps/Foodhunts-backend/vendor/laravel/framework/src/Illuminate/Pipeline/Pipeline.php(180): Illuminate\\Foundation\\Http\\Kernel->Illuminate\\Foundation\\Http\\{closure}(Object(Illuminate\\Http\\Request))
#23 /Users/xilolomacbook/Apps/Foodhunts-backend/vendor/laravel/framework/src/Illuminate/Foundation/Http/Middleware/TransformsRequest.php(21): Illuminate\\Pipeline\\Pipeline->Illuminate\\Pipeline\\{closure}(Object(Illuminate\\Http\\Request))
#24 /Users/xilolomacbook/Apps/Foodhunts-backend/vendor/laravel/framework/src/Illuminate/Foundation/Http/Middleware/ConvertEmptyStringsToNull.php(31): Illuminate\\Foundation\\Http\\Middleware\\TransformsRequest->handle(Object(Illuminate\\Http\\Request), Object(Closure))
#25 /Users/xilolomacbook/Apps/Foodhunts-backend/vendor/laravel/framework/src/Illuminate/Pipeline/Pipeline.php(219): Illuminate\\Foundation\\Http\\Middleware\\ConvertEmptyStringsToNull->handle(Object(Illuminate\\Http\\Request), Object(Closure))
#26 /Users/xilolomacbook/Apps/Foodhunts-backend/vendor/laravel/framework/src/Illuminate/Foundation/Http/Middleware/TransformsRequest.php(21): Illuminate\\Pipeline\\Pipeline->Illuminate\\Pipeline\\{closure}(Object(Illuminate\\Http\\Request))
#27 /Users/xilolomacbook/Apps/Foodhunts-backend/vendor/laravel/framework/src/Illuminate/Foundation/Http/Middleware/TrimStrings.php(51): Illuminate\\Foundation\\Http\\Middleware\\TransformsRequest->handle(Object(Illuminate\\Http\\Request), Object(Closure))
#28 /Users/xilolomacbook/Apps/Foodhunts-backend/vendor/laravel/framework/src/Illuminate/Pipeline/Pipeline.php(219): Illuminate\\Foundation\\Http\\Middleware\\TrimStrings->handle(Object(Illuminate\\Http\\Request), Object(Closure))
#29 /Users/xilolomacbook/Apps/Foodhunts-backend/vendor/laravel/framework/src/Illuminate/Http/Middleware/ValidatePostSize.php(27): Illuminate\\Pipeline\\Pipeline->Illuminate\\Pipeline\\{closure}(Object(Illuminate\\Http\\Request))
#30 /Users/xilolomacbook/Apps/Foodhunts-backend/vendor/laravel/framework/src/Illuminate/Pipeline/Pipeline.php(219): Illuminate\\Http\\Middleware\\ValidatePostSize->handle(Object(Illuminate\\Http\\Request), Object(Closure))
#31 /Users/xilolomacbook/Apps/Foodhunts-backend/vendor/laravel/framework/src/Illuminate/Foundation/Http/Middleware/PreventRequestsDuringMaintenance.php(109): Illuminate\\Pipeline\\Pipeline->Illuminate\\Pipeline\\{closure}(Object(Illuminate\\Http\\Request))
#32 /Users/xilolomacbook/Apps/Foodhunts-backend/vendor/laravel/framework/src/Illuminate/Pipeline/Pipeline.php(219): Illuminate\\Foundation\\Http\\Middleware\\PreventRequestsDuringMaintenance->handle(Object(Illuminate\\Http\\Request), Object(Closure))
#33 /Users/xilolomacbook/Apps/Foodhunts-backend/vendor/laravel/framework/src/Illuminate/Http/Middleware/HandleCors.php(74): Illuminate\\Pipeline\\Pipeline->Illuminate\\Pipeline\\{closure}(Object(Illuminate\\Http\\Request))
#34 /Users/xilolomacbook/Apps/Foodhunts-backend/vendor/laravel/framework/src/Illuminate/Pipeline/Pipeline.php(219): Illuminate\\Http\\Middleware\\HandleCors->handle(Object(Illuminate\\Http\\Request), Object(Closure))
#35 /Users/xilolomacbook/Apps/Foodhunts-backend/vendor/laravel/framework/src/Illuminate/Http/Middleware/TrustProxies.php(58): Illuminate\\Pipeline\\Pipeline->Illuminate\\Pipeline\\{closure}(Object(Illuminate\\Http\\Request))
#36 /Users/xilolomacbook/Apps/Foodhunts-backend/vendor/laravel/framework/src/Illuminate/Pipeline/Pipeline.php(219): Illuminate\\Http\\Middleware\\TrustProxies->handle(Object(Illuminate\\Http\\Request), Object(Closure))
#37 /Users/xilolomacbook/Apps/Foodhunts-backend/vendor/laravel/framework/src/Illuminate/Foundation/Http/Middleware/InvokeDeferredCallbacks.php(22): Illuminate\\Pipeline\\Pipeline->Illuminate\\Pipeline\\{closure}(Object(Illuminate\\Http\\Request))
#38 /Users/xilolomacbook/Apps/Foodhunts-backend/vendor/laravel/framework/src/Illuminate/Pipeline/Pipeline.php(219): Illuminate\\Foundation\\Http\\Middleware\\InvokeDeferredCallbacks->handle(Object(Illuminate\\Http\\Request), Object(Closure))
#39 /Users/xilolomacbook/Apps/Foodhunts-backend/vendor/laravel/framework/src/Illuminate/Http/Middleware/ValidatePathEncoding.php(26): Illuminate\\Pipeline\\Pipeline->Illuminate\\Pipeline\\{closure}(Object(Illuminate\\Http\\Request))
#40 /Users/xilolomacbook/Apps/Foodhunts-backend/vendor/laravel/framework/src/Illuminate/Pipeline/Pipeline.php(219): Illuminate\\Http\\Middleware\\ValidatePathEncoding->handle(Object(Illuminate\\Http\\Request), Object(Closure))
#41 /Users/xilolomacbook/Apps/Foodhunts-backend/vendor/laravel/framework/src/Illuminate/Pipeline/Pipeline.php(137): Illuminate\\Pipeline\\Pipeline->Illuminate\\Pipeline\\{closure}(Object(Illuminate\\Http\\Request))
#42 /Users/xilolomacbook/Apps/Foodhunts-backend/vendor/laravel/framework/src/Illuminate/Foundation/Http/Kernel.php(175): Illuminate\\Pipeline\\Pipeline->then(Object(Closure))
#43 /Users/xilolomacbook/Apps/Foodhunts-backend/vendor/laravel/framework/src/Illuminate/Foundation/Http/Kernel.php(144): Illuminate\\Foundation\\Http\\Kernel->sendRequestThroughRouter(Object(Illuminate\\Http\\Request))
#44 /Users/xilolomacbook/Apps/Foodhunts-backend/vendor/laravel/framework/src/Illuminate/Foundation/Testing/Concerns/MakesHttpRequests.php(607): Illuminate\\Foundation\\Http\\Kernel->handle(Object(Illuminate\\Http\\Request))
#45 /Users/xilolomacbook/Apps/Foodhunts-backend/vendor/laravel/framework/src/Illuminate/Foundation/Testing/Concerns/MakesHttpRequests.php(573): Illuminate\\Foundation\\Testing\\TestCase->call('POST', '/api/v2/restaur...', Array, Array, Array, Array, '[]')
#46 /Users/xilolomacbook/Apps/Foodhunts-backend/vendor/laravel/framework/src/Illuminate/Foundation/Testing/Concerns/MakesHttpRequests.php(411): Illuminate\\Foundation\\Testing\\TestCase->json('POST', '/api/v2/restaur...', Array, Array, 0)
#47 /Users/xilolomacbook/Apps/Foodhunts-backend/tests/Feature/MediaUploadTest.php(34): Illuminate\\Foundation\\Testing\\TestCase->postJson('/api/v2/restaur...')
#48 /Users/xilolomacbook/Apps/Foodhunts-backend/vendor/phpunit/phpunit/src/Framework/TestCase.php(1667): Tests\\Feature\\MediaUploadTest->test_unauthenticated_upload_is_rejected()
#49 /Users/xilolomacbook/Apps/Foodhunts-backend/vendor/phpunit/phpunit/src/Framework/TestCase.php(519): PHPUnit\\Framework\\TestCase->runTest()
#50 /Users/xilolomacbook/Apps/Foodhunts-backend/vendor/phpunit/phpunit/src/Framework/TestRunner/TestRunner.php(87): PHPUnit\\Framework\\TestCase->runBare()
#51 /Users/xilolomacbook/Apps/Foodhunts-backend/vendor/phpunit/phpunit/src/Framework/TestCase.php(365): PHPUnit\\Framework\\TestRunner->run(Object(Tests\\Feature\\MediaUploadTest))
#52 /Users/xilolomacbook/Apps/Foodhunts-backend/vendor/phpunit/phpunit/src/Framework/TestSuite.php(369): PHPUnit\\Framework\\TestCase->run()
#53 /Users/xilolomacbook/Apps/Foodhunts-backend/vendor/phpunit/phpunit/src/Framework/TestSuite.php(369): PHPUnit\\Framework\\TestSuite->run()
#54 /Users/xilolomacbook/Apps/Foodhunts-backend/vendor/phpunit/phpunit/src/Framework/TestSuite.php(369): PHPUnit\\Framework\\TestSuite->run()
#55 /Users/xilolomacbook/Apps/Foodhunts-backend/vendor/phpunit/phpunit/src/TextUI/TestRunner.php(64): PHPUnit\\Framework\\TestSuite->run()
#56 /Users/xilolomacbook/Apps/Foodhunts-backend/vendor/phpunit/phpunit/src/TextUI/Application.php(211): PHPUnit\\TextUI\\TestRunner->run(Object(PHPUnit\\TextUI\\Configuration\\Configuration), Object(PHPUnit\\Runner\\ResultCache\\DefaultResultCache), Object(PHPUnit\\Framework\\TestSuite))
#57 /Users/xilolomacbook/Apps/Foodhunts-backend/vendor/phpunit/phpunit/phpunit(104): PHPUnit\\TextUI\\Application->run(Array)
#58 {main}

[previous exception] [object] (PDOException(code: 7): SQLSTATE[08006] [7] connection to server at \"127.0.0.1\", port 5432 failed: Operation not permitted
\tIs the server running on that host and accepting TCP/IP connections? at /Users/xilolomacbook/Apps/Foodhunts-backend/vendor/laravel/framework/src/Illuminate/Database/Connectors/Connector.php:66)
[stacktrace]
#0 /Users/xilolomacbook/Apps/Foodhunts-backend/vendor/laravel/framework/src/Illuminate/Database/Connectors/Connector.php(66): PDO->__construct('pgsql:host=127....', 'postgres', Object(SensitiveParameterValue), Array)
#1 /Users/xilolomacbook/Apps/Foodhunts-backend/vendor/laravel/framework/src/Illuminate/Database/Connectors/Connector.php(44): Illuminate\\Database\\Connectors\\Connector->createPdoConnection('pgsql:host=127....', 'postgres', Object(SensitiveParameterValue), Array)
#2 /Users/xilolomacbook/Apps/Foodhunts-backend/vendor/laravel/framework/src/Illuminate/Database/Connectors/PostgresConnector.php(35): Illuminate\\Database\\Connectors\\Connector->createConnection('pgsql:host=127....', Array, Array)
#3 /Users/xilolomacbook/Apps/Foodhunts-backend/vendor/laravel/framework/src/Illuminate/Database/Connectors/ConnectionFactory.php(186): Illuminate\\Database\\Connectors\\PostgresConnector->connect(Array)
#4 [internal function]: Illuminate\\Database\\Connectors\\ConnectionFactory->Illuminate\\Database\\Connectors\\{closure}()
#5 /Users/xilolomacbook/Apps/Foodhunts-backend/vendor/laravel/framework/src/Illuminate/Database/Connection.php(1257): call_user_func(Object(Closure))
#6 /Users/xilolomacbook/Apps/Foodhunts-backend/vendor/laravel/framework/src/Illuminate/Database/Connection.php(1295): Illuminate\\Database\\Connection->getPdo()
#7 /Users/xilolomacbook/Apps/Foodhunts-backend/vendor/laravel/framework/src/Illuminate/Database/Connection.php(525): Illuminate\\Database\\Connection->getReadPdo()
#8 /Users/xilolomacbook/Apps/Foodhunts-backend/vendor/laravel/framework/src/Illuminate/Database/Connection.php(420): Illuminate\\Database\\Connection->getPdoForSelect(true)
#9 /Users/xilolomacbook/Apps/Foodhunts-backend/vendor/laravel/framework/src/Illuminate/Database/Connection.php(827): Illuminate\\Database\\Connection->Illuminate\\Database\\{closure}('select * from \"...', Array)
#10 /Users/xilolomacbook/Apps/Foodhunts-backend/vendor/laravel/framework/src/Illuminate/Database/Connection.php(794): Illuminate\\Database\\Connection->runQueryCallback('select * from \"...', Array, Object(Closure))
#11 /Users/xilolomacbook/Apps/Foodhunts-backend/vendor/laravel/framework/src/Illuminate/Database/Connection.php(411): Illuminate\\Database\\Connection->run('select * from \"...', Array, Object(Closure))
#12 /Users/xilolomacbook/Apps/Foodhunts-backend/vendor/laravel/framework/src/Illuminate/Database/Query/Builder.php(3505): Illuminate\\Database\\Connection->select('select * from \"...', Array, true)
#13 /Users/xilolomacbook/Apps/Foodhunts-backend/vendor/laravel/framework/src/Illuminate/Database/Query/Builder.php(3490): Illuminate\\Database\\Query\\Builder->runSelect()
#14 /Users/xilolomacbook/Apps/Foodhunts-backend/vendor/laravel/framework/src/Illuminate/Database/Query/Builder.php(4080): Illuminate\\Database\\Query\\Builder->Illuminate\\Database\\Query\\{closure}()
#15 /Users/xilolomacbook/Apps/Foodhunts-backend/vendor/laravel/framework/src/Illuminate/Database/Query/Builder.php(3489): Illuminate\\Database\\Query\\Builder->onceWithColumns(Array, Object(Closure))
#16 /Users/xilolomacbook/Apps/Foodhunts-backend/vendor/laravel/framework/src/Illuminate/Database/Eloquent/Builder.php(902): Illuminate\\Database\\Query\\Builder->get(Array)
#17 /Users/xilolomacbook/Apps/Foodhunts-backend/vendor/laravel/framework/src/Illuminate/Database/Eloquent/Builder.php(884): Illuminate\\Database\\Eloquent\\Builder->getModels(Array)
#18 /Users/xilolomacbook/Apps/Foodhunts-backend/vendor/laravel/framework/src/Illuminate/Database/Concerns/BuildsQueries.php(366): Illuminate\\Database\\Eloquent\\Builder->get(Array)
#19 /Users/xilolomacbook/Apps/Foodhunts-backend/vendor/laravel/framework/src/Illuminate/Database/Eloquent/Model.php(2213): Illuminate\\Database\\Eloquent\\Builder->first()
#20 /Users/xilolomacbook/Apps/Foodhunts-backend/vendor/laravel/framework/src/Illuminate/Routing/ImplicitRouteBinding.php(60): Illuminate\\Database\\Eloquent\\Model->resolveRouteBinding('7ae9da06-06f5-4...', NULL)
#21 /Users/xilolomacbook/Apps/Foodhunts-backend/vendor/laravel/framework/src/Illuminate/Routing/Router.php(980): Illuminate\\Routing\\ImplicitRouteBinding::resolveForRoute(Object(Illuminate\\Foundation\\Application), Object(Illuminate\\Routing\\Route))
#22 [internal function]: Illuminate\\Routing\\Router->Illuminate\\Routing\\{closure}(Object(Illuminate\\Foundation\\Application), Object(Illuminate\\Routing\\Route), Object(Closure))
#23 /Users/xilolomacbook/Apps/Foodhunts-backend/vendor/laravel/framework/src/Illuminate/Routing/Router.php(982): call_user_func(Object(Closure), Object(Illuminate\\Foundation\\Application), Object(Illuminate\\Routing\\Route), Object(Closure))
#24 /Users/xilolomacbook/Apps/Foodhunts-backend/vendor/laravel/framework/src/Illuminate/Routing/Middleware/SubstituteBindings.php(41): Illuminate\\Routing\\Router->substituteImplicitBindings(Object(Illuminate\\Routing\\Route))
#25 /Users/xilolomacbook/Apps/Foodhunts-backend/vendor/laravel/framework/src/Illuminate/Pipeline/Pipeline.php(219): Illuminate\\Routing\\Middleware\\SubstituteBindings->handle(Object(Illuminate\\Http\\Request), Object(Closure))
#26 /Users/xilolomacbook/Apps/Foodhunts-backend/vendor/laravel/framework/src/Illuminate/Pipeline/Pipeline.php(137): Illuminate\\Pipeline\\Pipeline->Illuminate\\Pipeline\\{closure}(Object(Illuminate\\Http\\Request))
#27 /Users/xilolomacbook/Apps/Foodhunts-backend/vendor/laravel/framework/src/Illuminate/Routing/Router.php(821): Illuminate\\Pipeline\\Pipeline->then(Object(Closure))
#28 /Users/xilolomacbook/Apps/Foodhunts-backend/vendor/laravel/framework/src/Illuminate/Routing/Router.php(800): Illuminate\\Routing\\Router->runRouteWithinStack(Object(Illuminate\\Routing\\Route), Object(Illuminate\\Http\\Request))
#29 /Users/xilolomacbook/Apps/Foodhunts-backend/vendor/laravel/framework/src/Illuminate/Routing/Router.php(764): Illuminate\\Routing\\Router->runRoute(Object(Illuminate\\Http\\Request), Object(Illuminate\\Routing\\Route))
#30 /Users/xilolomacbook/Apps/Foodhunts-backend/vendor/laravel/framework/src/Illuminate/Routing/Router.php(753): Illuminate\\Routing\\Router->dispatchToRoute(Object(Illuminate\\Http\\Request))
#31 /Users/xilolomacbook/Apps/Foodhunts-backend/vendor/laravel/framework/src/Illuminate/Foundation/Http/Kernel.php(200): Illuminate\\Routing\\Router->dispatch(Object(Illuminate\\Http\\Request))
#32 /Users/xilolomacbook/Apps/Foodhunts-backend/vendor/laravel/framework/src/Illuminate/Pipeline/Pipeline.php(180): Illuminate\\Foundation\\Http\\Kernel->Illuminate\\Foundation\\Http\\{closure}(Object(Illuminate\\Http\\Request))
#33 /Users/xilolomacbook/Apps/Foodhunts-backend/vendor/laravel/framework/src/Illuminate/Foundation/Http/Middleware/TransformsRequest.php(21): Illuminate\\Pipeline\\Pipeline->Illuminate\\Pipeline\\{closure}(Object(Illuminate\\Http\\Request))
#34 /Users/xilolomacbook/Apps/Foodhunts-backend/vendor/laravel/framework/src/Illuminate/Foundation/Http/Middleware/ConvertEmptyStringsToNull.php(31): Illuminate\\Foundation\\Http\\Middleware\\TransformsRequest->handle(Object(Illuminate\\Http\\Request), Object(Closure))
#35 /Users/xilolomacbook/Apps/Foodhunts-backend/vendor/laravel/framework/src/Illuminate/Pipeline/Pipeline.php(219): Illuminate\\Foundation\\Http\\Middleware\\ConvertEmptyStringsToNull->handle(Object(Illuminate\\Http\\Request), Object(Closure))
#36 /Users/xilolomacbook/Apps/Foodhunts-backend/vendor/laravel/framework/src/Illuminate/Foundation/Http/Middleware/TransformsRequest.php(21): Illuminate\\Pipeline\\Pipeline->Illuminate\\Pipeline\\{closure}(Object(Illuminate\\Http\\Request))
#37 /Users/xilolomacbook/Apps/Foodhunts-backend/vendor/laravel/framework/src/Illuminate/Foundation/Http/Middleware/TrimStrings.php(51): Illuminate\\Foundation\\Http\\Middleware\\TransformsRequest->handle(Object(Illuminate\\Http\\Request), Object(Closure))
#38 /Users/xilolomacbook/Apps/Foodhunts-backend/vendor/laravel/framework/src/Illuminate/Pipeline/Pipeline.php(219): Illuminate\\Foundation\\Http\\Middleware\\TrimStrings->handle(Object(Illuminate\\Http\\Request), Object(Closure))
#39 /Users/xilolomacbook/Apps/Foodhunts-backend/vendor/laravel/framework/src/Illuminate/Http/Middleware/ValidatePostSize.php(27): Illuminate\\Pipeline\\Pipeline->Illuminate\\Pipeline\\{closure}(Object(Illuminate\\Http\\Request))
#40 /Users/xilolomacbook/Apps/Foodhunts-backend/vendor/laravel/framework/src/Illuminate/Pipeline/Pipeline.php(219): Illuminate\\Http\\Middleware\\ValidatePostSize->handle(Object(Illuminate\\Http\\Request), Object(Closure))
#41 /Users/xilolomacbook/Apps/Foodhunts-backend/vendor/laravel/framework/src/Illuminate/Foundation/Http/Middleware/PreventRequestsDuringMaintenance.php(109): Illuminate\\Pipeline\\Pipeline->Illuminate\\Pipeline\\{closure}(Object(Illuminate\\Http\\Request))
#42 /Users/xilolomacbook/Apps/Foodhunts-backend/vendor/laravel/framework/src/Illuminate/Pipeline/Pipeline.php(219): Illuminate\\Foundation\\Http\\Middleware\\PreventRequestsDuringMaintenance->handle(Object(Illuminate\\Http\\Request), Object(Closure))
#43 /Users/xilolomacbook/Apps/Foodhunts-backend/vendor/laravel/framework/src/Illuminate/Http/Middleware/HandleCors.php(74): Illuminate\\Pipeline\\Pipeline->Illuminate\\Pipeline\\{closure}(Object(Illuminate\\Http\\Request))
#44 /Users/xilolomacbook/Apps/Foodhunts-backend/vendor/laravel/framework/src/Illuminate/Pipeline/Pipeline.php(219): Illuminate\\Http\\Middleware\\HandleCors->handle(Object(Illuminate\\Http\\Request), Object(Closure))
#45 /Users/xilolomacbook/Apps/Foodhunts-backend/vendor/laravel/framework/src/Illuminate/Http/Middleware/TrustProxies.php(58): Illuminate\\Pipeline\\Pipeline->Illuminate\\Pipeline\\{closure}(Object(Illuminate\\Http\\Request))
#46 /Users/xilolomacbook/Apps/Foodhunts-backend/vendor/laravel/framework/src/Illuminate/Pipeline/Pipeline.php(219): Illuminate\\Http\\Middleware\\TrustProxies->handle(Object(Illuminate\\Http\\Request), Object(Closure))
#47 /Users/xilolomacbook/Apps/Foodhunts-backend/vendor/laravel/framework/src/Illuminate/Foundation/Http/Middleware/InvokeDeferredCallbacks.php(22): Illuminate\\Pipeline\\Pipeline->Illuminate\\Pipeline\\{closure}(Object(Illuminate\\Http\\Request))
#48 /Users/xilolomacbook/Apps/Foodhunts-backend/vendor/laravel/framework/src/Illuminate/Pipeline/Pipeline.php(219): Illuminate\\Foundation\\Http\\Middleware\\InvokeDeferredCallbacks->handle(Object(Illuminate\\Http\\Request), Object(Closure))
#49 /Users/xilolomacbook/Apps/Foodhunts-backend/vendor/laravel/framework/src/Illuminate/Http/Middleware/ValidatePathEncoding.php(26): Illuminate\\Pipeline\\Pipeline->Illuminate\\Pipeline\\{closure}(Object(Illuminate\\Http\\Request))
#50 /Users/xilolomacbook/Apps/Foodhunts-backend/vendor/laravel/framework/src/Illuminate/Pipeline/Pipeline.php(219): Illuminate\\Http\\Middleware\\ValidatePathEncoding->handle(Object(Illuminate\\Http\\Request), Object(Closure))
#51 /Users/xilolomacbook/Apps/Foodhunts-backend/vendor/laravel/framework/src/Illuminate/Pipeline/Pipeline.php(137): Illuminate\\Pipeline\\Pipeline->Illuminate\\Pipeline\\{closure}(Object(Illuminate\\Http\\Request))
#52 /Users/xilolomacbook/Apps/Foodhunts-backend/vendor/laravel/framework/src/Illuminate/Foundation/Http/Kernel.php(175): Illuminate\\Pipeline\\Pipeline->then(Object(Closure))
#53 /Users/xilolomacbook/Apps/Foodhunts-backend/vendor/laravel/framework/src/Illuminate/Foundation/Http/Kernel.php(144): Illuminate\\Foundation\\Http\\Kernel->sendRequestThroughRouter(Object(Illuminate\\Http\\Request))
#54 /Users/xilolomacbook/Apps/Foodhunts-backend/vendor/laravel/framework/src/Illuminate/Foundation/Testing/Concerns/MakesHttpRequests.php(607): Illuminate\\Foundation\\Http\\Kernel->handle(Object(Illuminate\\Http\\Request))
#55 /Users/xilolomacbook/Apps/Foodhunts-backend/vendor/laravel/framework/src/Illuminate/Foundation/Testing/Concerns/MakesHttpRequests.php(573): Illuminate\\Foundation\\Testing\\TestCase->call('POST', '/api/v2/restaur...', Array, Array, Array, Array, '[]')
#56 /Users/xilolomacbook/Apps/Foodhunts-backend/vendor/laravel/framework/src/Illuminate/Foundation/Testing/Concerns/MakesHttpRequests.php(411): Illuminate\\Foundation\\Testing\\TestCase->json('POST', '/api/v2/restaur...', Array, Array, 0)
#57 /Users/xilolomacbook/Apps/Foodhunts-backend/tests/Feature/MediaUploadTest.php(34): Illuminate\\Foundation\\Testing\\TestCase->postJson('/api/v2/restaur...')
#58 /Users/xilolomacbook/Apps/Foodhunts-backend/vendor/phpunit/phpunit/src/Framework/TestCase.php(1667): Tests\\Feature\\MediaUploadTest->test_unauthenticated_upload_is_rejected()
#59 /Users/xilolomacbook/Apps/Foodhunts-backend/vendor/phpunit/phpunit/src/Framework/TestCase.php(519): PHPUnit\\Framework\\TestCase->runTest()
#60 /Users/xilolomacbook/Apps/Foodhunts-backend/vendor/phpunit/phpunit/src/Framework/TestRunner/TestRunner.php(87): PHPUnit\\Framework\\TestCase->runBare()
#61 /Users/xilolomacbook/Apps/Foodhunts-backend/vendor/phpunit/phpunit/src/Framework/TestCase.php(365): PHPUnit\\Framework\\TestRunner->run(Object(Tests\\Feature\\MediaUploadTest))
#62 /Users/xilolomacbook/Apps/Foodhunts-backend/vendor/phpunit/phpunit/src/Framework/TestSuite.php(369): PHPUnit\\Framework\\TestCase->run()
#63 /Users/xilolomacbook/Apps/Foodhunts-backend/vendor/phpunit/phpunit/src/Framework/TestSuite.php(369): PHPUnit\\Framework\\TestSuite->run()
#64 /Users/xilolomacbook/Apps/Foodhunts-backend/vendor/phpunit/phpunit/src/Framework/TestSuite.php(369): PHPUnit\\Framework\\TestSuite->run()
#65 /Users/xilolomacbook/Apps/Foodhunts-backend/vendor/phpunit/phpunit/src/TextUI/TestRunner.php(64): PHPUnit\\Framework\\TestSuite->run()
#66 /Users/xilolomacbook/Apps/Foodhunts-backend/vendor/phpunit/phpunit/src/TextUI/Application.php(211): PHPUnit\\TextUI\\TestRunner->run(Object(PHPUnit\\TextUI\\Configuration\\Configuration), Object(PHPUnit\\Runner\\ResultCache\\DefaultResultCache), Object(PHPUnit\\Framework\\TestSuite))
#67 /Users/xilolomacbook/Apps/Foodhunts-backend/vendor/phpunit/phpunit/phpunit(104): PHPUnit\\TextUI\\Application->run(Array)
#68 {main}
"} 
[2026-08-04 16:02:51] local.WARNING: Media database update failed after storage verification. {"category":"restaurant_logo","entity_type":"Mockery_3_App_Models_Restaurant","entity_id":"7ae9da06-06f5-425b-881e-4e14821184e7","object_key":"restaurants/7ae9da06-06f5-425b-881e-4e14821184e7/logo/030c3acd-cc00-4567-8b3c-edfaf0a5f9d7.jpg","error_class":"App\\Services\\Media\\Exceptions\\MediaStorageException"} 
[2026-08-04 16:03:42] local.WARNING: Media database update failed after storage verification. {"category":"restaurant_logo","entity_type":"Mockery_2_App_Models_Restaurant","entity_id":"7ae9da06-06f5-425b-881e-4e14821184e7","object_key":"restaurants/7ae9da06-06f5-425b-881e-4e14821184e7/logo/057a4527-2f62-4bfa-9c15-7552a225cb30.jpg","error_class":"App\\Services\\Media\\Exceptions\\MediaStorageException"} 
[2026-08-04 16:04:11] local.WARNING: Media database update failed after storage verification. {"category":"restaurant_logo","entity_type":"Mockery_2_App_Models_Restaurant","entity_id":"7ae9da06-06f5-425b-881e-4e14821184e7","object_key":"restaurants/7ae9da06-06f5-425b-881e-4e14821184e7/logo/0c3925a2-1025-4301-b38c-797eef4a79fd.jpg","error_class":"App\\Services\\Media\\Exceptions\\MediaStorageException"} 
[2026-08-04 16:04:26] local.WARNING: Media database update failed after storage verification. {"category":"restaurant_logo","entity_type":"Mockery_3_App_Models_Restaurant","entity_id":"7ae9da06-06f5-425b-881e-4e14821184e7","object_key":"restaurants/7ae9da06-06f5-425b-881e-4e14821184e7/logo/7d753238-0024-4dd6-80e0-3c8c24c81a7a.jpg","error_class":"App\\Services\\Media\\Exceptions\\MediaStorageException"} 
[2026-08-04 16:19:14] local.WARNING: Media database update failed after storage verification. {"category":"restaurant_logo","entity_type":"Mockery_3_App_Models_Restaurant","entity_id":"7ae9da06-06f5-425b-881e-4e14821184e7","object_key":"restaurants/7ae9da06-06f5-425b-881e-4e14821184e7/logo/f1b04a73-9575-4441-894b-3ecae564a9b0.jpg","error_class":"App\\Services\\Media\\Exceptions\\MediaStorageException"} 
[2026-08-05 16:41:31] local.ERROR: SQLSTATE[08006] [7] connection to server at "127.0.0.1", port 5432 failed: Operation not permitted
	Is the server running on that host and accepting TCP/IP connections? (Connection: pgsql, Host: 127.0.0.1, Port: 5432, Database: foodhunts, SQL: select exists (select 1 from pg_class c, pg_namespace n where n.nspname = current_schema() and c.relname = 'migrations' and c.relkind in ('r', 'p') and n.oid = c.relnamespace)) {"exception":"[object] (Illuminate\\Database\\QueryException(code: 7): SQLSTATE[08006] [7] connection to server at \"127.0.0.1\", port 5432 failed: Operation not permitted
\tIs the server running on that host and accepting TCP/IP connections? (Connection: pgsql, Host: 127.0.0.1, Port: 5432, Database: foodhunts, SQL: select exists (select 1 from pg_class c, pg_namespace n where n.nspname = current_schema() and c.relname = 'migrations' and c.relkind in ('r', 'p') and n.oid = c.relnamespace)) at /Users/xilolomacbook/Apps/Foodhunts-backend/vendor/laravel/framework/src/Illuminate/Database/Connection.php:838)
[stacktrace]
#0 /Users/xilolomacbook/Apps/Foodhunts-backend/vendor/laravel/framework/src/Illuminate/Database/Connection.php(794): Illuminate\\Database\\Connection->runQueryCallback('select exists (...', Array, Object(Closure))
#1 /Users/xilolomacbook/Apps/Foodhunts-backend/vendor/laravel/framework/src/Illuminate/Database/Connection.php(411): Illuminate\\Database\\Connection->run('select exists (...', Array, Object(Closure))
#2 /Users/xilolomacbook/Apps/Foodhunts-backend/vendor/laravel/framework/src/Illuminate/Database/Connection.php(357): Illuminate\\Database\\Connection->select('select exists (...', Array, true)
#3 /Users/xilolomacbook/Apps/Foodhunts-backend/vendor/laravel/framework/src/Illuminate/Database/Connection.php(374): Illuminate\\Database\\Connection->selectOne('select exists (...', Array, true)
#4 /Users/xilolomacbook/Apps/Foodhunts-backend/vendor/laravel/framework/src/Illuminate/Database/Schema/Builder.php(176): Illuminate\\Database\\Connection->scalar('select exists (...')
#5 /Users/xilolomacbook/Apps/Foodhunts-backend/vendor/laravel/framework/src/Illuminate/Database/Migrations/DatabaseMigrationRepository.php(185): Illuminate\\Database\\Schema\\Builder->hasTable('migrations')
#6 /Users/xilolomacbook/Apps/Foodhunts-backend/vendor/laravel/framework/src/Illuminate/Database/Migrations/Migrator.php(758): Illuminate\\Database\\Migrations\\DatabaseMigrationRepository->repositoryExists()
#7 /Users/xilolomacbook/Apps/Foodhunts-backend/vendor/laravel/framework/src/Illuminate/Database/Console/Migrations/MigrateCommand.php(164): Illuminate\\Database\\Migrations\\Migrator->repositoryExists()
#8 /Users/xilolomacbook/Apps/Foodhunts-backend/vendor/laravel/framework/src/Illuminate/Support/helpers.php(328): Illuminate\\Database\\Console\\Migrations\\MigrateCommand->Illuminate\\Database\\Console\\Migrations\\{closure}(1)
#9 /Users/xilolomacbook/Apps/Foodhunts-backend/vendor/laravel/framework/src/Illuminate/Database/Console/Migrations/MigrateCommand.php(164): retry(1, Object(Closure), 0, Object(Closure))
#10 /Users/xilolomacbook/Apps/Foodhunts-backend/vendor/laravel/framework/src/Illuminate/Database/Console/Migrations/MigrateCommand.php(140): Illuminate\\Database\\Console\\Migrations\\MigrateCommand->repositoryExists()
#11 /Users/xilolomacbook/Apps/Foodhunts-backend/vendor/laravel/framework/src/Illuminate/Database/Console/Migrations/MigrateCommand.php(110): Illuminate\\Database\\Console\\Migrations\\MigrateCommand->prepareDatabase()
#12 /Users/xilolomacbook/Apps/Foodhunts-backend/vendor/laravel/framework/src/Illuminate/Database/Migrations/Migrator.php(671): Illuminate\\Database\\Console\\Migrations\\MigrateCommand->Illuminate\\Database\\Console\\Migrations\\{closure}()
#13 /Users/xilolomacbook/Apps/Foodhunts-backend/vendor/laravel/framework/src/Illuminate/Database/Console/Migrations/MigrateCommand.php(109): Illuminate\\Database\\Migrations\\Migrator->usingConnection(NULL, Object(Closure))
#14 /Users/xilolomacbook/Apps/Foodhunts-backend/vendor/laravel/framework/src/Illuminate/Database/Console/Migrations/MigrateCommand.php(88): Illuminate\\Database\\Console\\Migrations\\MigrateCommand->runMigrations()
#15 /Users/xilolomacbook/Apps/Foodhunts-backend/vendor/laravel/framework/src/Illuminate/Container/BoundMethod.php(36): Illuminate\\Database\\Console\\Migrations\\MigrateCommand->handle()
#16 /Users/xilolomacbook/Apps/Foodhunts-backend/vendor/laravel/framework/src/Illuminate/Container/Util.php(43): Illuminate\\Container\\BoundMethod::Illuminate\\Container\\{closure}()
#17 /Users/xilolomacbook/Apps/Foodhunts-backend/vendor/laravel/framework/src/Illuminate/Container/BoundMethod.php(96): Illuminate\\Container\\Util::unwrapIfClosure(Object(Closure))
#18 /Users/xilolomacbook/Apps/Foodhunts-backend/vendor/laravel/framework/src/Illuminate/Container/BoundMethod.php(35): Illuminate\\Container\\BoundMethod::callBoundMethod(Object(Illuminate\\Foundation\\Application), Array, Object(Closure))
#19 /Users/xilolomacbook/Apps/Foodhunts-backend/vendor/laravel/framework/src/Illuminate/Container/Container.php(799): Illuminate\\Container\\BoundMethod::call(Object(Illuminate\\Foundation\\Application), Array, Array, NULL)
#20 /Users/xilolomacbook/Apps/Foodhunts-backend/vendor/laravel/framework/src/Illuminate/Console/Command.php(211): Illuminate\\Container\\Container->call(Array)
#21 /Users/xilolomacbook/Apps/Foodhunts-backend/vendor/symfony/console/Command/Command.php(341): Illuminate\\Console\\Command->execute(Object(Symfony\\Component\\Console\\Input\\ArgvInput), Object(Illuminate\\Console\\OutputStyle))
#22 /Users/xilolomacbook/Apps/Foodhunts-backend/vendor/laravel/framework/src/Illuminate/Console/Command.php(180): Symfony\\Component\\Console\\Command\\Command->run(Object(Symfony\\Component\\Console\\Input\\ArgvInput), Object(Illuminate\\Console\\OutputStyle))
#23 /Users/xilolomacbook/Apps/Foodhunts-backend/vendor/symfony/console/Application.php(1117): Illuminate\\Console\\Command->run(Object(Symfony\\Component\\Console\\Input\\ArgvInput), Object(Symfony\\Component\\Console\\Output\\ConsoleOutput))
#24 /Users/xilolomacbook/Apps/Foodhunts-backend/vendor/symfony/console/Application.php(356): Symfony\\Component\\Console\\Application->doRunCommand(Object(Illuminate\\Database\\Console\\Migrations\\MigrateCommand), Object(Symfony\\Component\\Console\\Input\\ArgvInput), Object(Symfony\\Component\\Console\\Output\\ConsoleOutput))
#25 /Users/xilolomacbook/Apps/Foodhunts-backend/vendor/symfony/console/Application.php(195): Symfony\\Component\\Console\\Application->doRun(Object(Symfony\\Component\\Console\\Input\\ArgvInput), Object(Symfony\\Component\\Console\\Output\\ConsoleOutput))
#26 /Users/xilolomacbook/Apps/Foodhunts-backend/vendor/laravel/framework/src/Illuminate/Foundation/Console/Kernel.php(198): Symfony\\Component\\Console\\Application->run(Object(Symfony\\Component\\Console\\Input\\ArgvInput), Object(Symfony\\Component\\Console\\Output\\ConsoleOutput))
#27 /Users/xilolomacbook/Apps/Foodhunts-backend/artisan(12): Illuminate\\Foundation\\Console\\Kernel->handle(Object(Symfony\\Component\\Console\\Input\\ArgvInput), Object(Symfony\\Component\\Console\\Output\\ConsoleOutput))
#28 {main}

[previous exception] [object] (PDOException(code: 7): SQLSTATE[08006] [7] connection to server at \"127.0.0.1\", port 5432 failed: Operation not permitted
\tIs the server running on that host and accepting TCP/IP connections? at /Users/xilolomacbook/Apps/Foodhunts-backend/vendor/laravel/framework/src/Illuminate/Database/Connectors/Connector.php:66)
[stacktrace]
#0 /Users/xilolomacbook/Apps/Foodhunts-backend/vendor/laravel/framework/src/Illuminate/Database/Connectors/Connector.php(66): PDO->__construct('pgsql:host=127....', 'postgres', Object(SensitiveParameterValue), Array)
#1 /Users/xilolomacbook/Apps/Foodhunts-backend/vendor/laravel/framework/src/Illuminate/Database/Connectors/Connector.php(44): Illuminate\\Database\\Connectors\\Connector->createPdoConnection('pgsql:host=127....', 'postgres', Object(SensitiveParameterValue), Array)
#2 /Users/xilolomacbook/Apps/Foodhunts-backend/vendor/laravel/framework/src/Illuminate/Database/Connectors/PostgresConnector.php(35): Illuminate\\Database\\Connectors\\Connector->createConnection('pgsql:host=127....', Array, Array)
#3 /Users/xilolomacbook/Apps/Foodhunts-backend/vendor/laravel/framework/src/Illuminate/Database/Connectors/ConnectionFactory.php(186): Illuminate\\Database\\Connectors\\PostgresConnector->connect(Array)
#4 [internal function]: Illuminate\\Database\\Connectors\\ConnectionFactory->Illuminate\\Database\\Connectors\\{closure}()
#5 /Users/xilolomacbook/Apps/Foodhunts-backend/vendor/laravel/framework/src/Illuminate/Database/Connection.php(1257): call_user_func(Object(Closure))
#6 /Users/xilolomacbook/Apps/Foodhunts-backend/vendor/laravel/framework/src/Illuminate/Database/Connection.php(1295): Illuminate\\Database\\Connection->getPdo()
#7 /Users/xilolomacbook/Apps/Foodhunts-backend/vendor/laravel/framework/src/Illuminate/Database/Connection.php(525): Illuminate\\Database\\Connection->getReadPdo()
#8 /Users/xilolomacbook/Apps/Foodhunts-backend/vendor/laravel/framework/src/Illuminate/Database/Connection.php(420): Illuminate\\Database\\Connection->getPdoForSelect(true)
#9 /Users/xilolomacbook/Apps/Foodhunts-backend/vendor/laravel/framework/src/Illuminate/Database/Connection.php(827): Illuminate\\Database\\Connection->Illuminate\\Database\\{closure}('select exists (...', Array)
#10 /Users/xilolomacbook/Apps/Foodhunts-backend/vendor/laravel/framework/src/Illuminate/Database/Connection.php(794): Illuminate\\Database\\Connection->runQueryCallback('select exists (...', Array, Object(Closure))
#11 /Users/xilolomacbook/Apps/Foodhunts-backend/vendor/laravel/framework/src/Illuminate/Database/Connection.php(411): Illuminate\\Database\\Connection->run('select exists (...', Array, Object(Closure))
#12 /Users/xilolomacbook/Apps/Foodhunts-backend/vendor/laravel/framework/src/Illuminate/Database/Connection.php(357): Illuminate\\Database\\Connection->select('select exists (...', Array, true)
#13 /Users/xilolomacbook/Apps/Foodhunts-backend/vendor/laravel/framework/src/Illuminate/Database/Connection.php(374): Illuminate\\Database\\Connection->selectOne('select exists (...', Array, true)
#14 /Users/xilolomacbook/Apps/Foodhunts-backend/vendor/laravel/framework/src/Illuminate/Database/Schema/Builder.php(176): Illuminate\\Database\\Connection->scalar('select exists (...')
#15 /Users/xilolomacbook/Apps/Foodhunts-backend/vendor/laravel/framework/src/Illuminate/Database/Migrations/DatabaseMigrationRepository.php(185): Illuminate\\Database\\Schema\\Builder->hasTable('migrations')
#16 /Users/xilolomacbook/Apps/Foodhunts-backend/vendor/laravel/framework/src/Illuminate/Database/Migrations/Migrator.php(758): Illuminate\\Database\\Migrations\\DatabaseMigrationRepository->repositoryExists()
#17 /Users/xilolomacbook/Apps/Foodhunts-backend/vendor/laravel/framework/src/Illuminate/Database/Console/Migrations/MigrateCommand.php(164): Illuminate\\Database\\Migrations\\Migrator->repositoryExists()
#18 /Users/xilolomacbook/Apps/Foodhunts-backend/vendor/laravel/framework/src/Illuminate/Support/helpers.php(328): Illuminate\\Database\\Console\\Migrations\\MigrateCommand->Illuminate\\Database\\Console\\Migrations\\{closure}(1)
#19 /Users/xilolomacbook/Apps/Foodhunts-backend/vendor/laravel/framework/src/Illuminate/Database/Console/Migrations/MigrateCommand.php(164): retry(1, Object(Closure), 0, Object(Closure))
#20 /Users/xilolomacbook/Apps/Foodhunts-backend/vendor/laravel/framework/src/Illuminate/Database/Console/Migrations/MigrateCommand.php(140): Illuminate\\Database\\Console\\Migrations\\MigrateCommand->repositoryExists()
#21 /Users/xilolomacbook/Apps/Foodhunts-backend/vendor/laravel/framework/src/Illuminate/Database/Console/Migrations/MigrateCommand.php(110): Illuminate\\Database\\Console\\Migrations\\MigrateCommand->prepareDatabase()
#22 /Users/xilolomacbook/Apps/Foodhunts-backend/vendor/laravel/framework/src/Illuminate/Database/Migrations/Migrator.php(671): Illuminate\\Database\\Console\\Migrations\\MigrateCommand->Illuminate\\Database\\Console\\Migrations\\{closure}()
#23 /Users/xilolomacbook/Apps/Foodhunts-backend/vendor/laravel/framework/src/Illuminate/Database/Console/Migrations/MigrateCommand.php(109): Illuminate\\Database\\Migrations\\Migrator->usingConnection(NULL, Object(Closure))
#24 /Users/xilolomacbook/Apps/Foodhunts-backend/vendor/laravel/framework/src/Illuminate/Database/Console/Migrations/MigrateCommand.php(88): Illuminate\\Database\\Console\\Migrations\\MigrateCommand->runMigrations()
#25 /Users/xilolomacbook/Apps/Foodhunts-backend/vendor/laravel/framework/src/Illuminate/Container/BoundMethod.php(36): Illuminate\\Database\\Console\\Migrations\\MigrateCommand->handle()
#26 /Users/xilolomacbook/Apps/Foodhunts-backend/vendor/laravel/framework/src/Illuminate/Container/Util.php(43): Illuminate\\Container\\BoundMethod::Illuminate\\Container\\{closure}()
#27 /Users/xilolomacbook/Apps/Foodhunts-backend/vendor/laravel/framework/src/Illuminate/Container/BoundMethod.php(96): Illuminate\\Container\\Util::unwrapIfClosure(Object(Closure))
#28 /Users/xilolomacbook/Apps/Foodhunts-backend/vendor/laravel/framework/src/Illuminate/Container/BoundMethod.php(35): Illuminate\\Container\\BoundMethod::callBoundMethod(Object(Illuminate\\Foundation\\Application), Array, Object(Closure))
#29 /Users/xilolomacbook/Apps/Foodhunts-backend/vendor/laravel/framework/src/Illuminate/Container/Container.php(799): Illuminate\\Container\\BoundMethod::call(Object(Illuminate\\Foundation\\Application), Array, Array, NULL)
#30 /Users/xilolomacbook/Apps/Foodhunts-backend/vendor/laravel/framework/src/Illuminate/Console/Command.php(211): Illuminate\\Container\\Container->call(Array)
#31 /Users/xilolomacbook/Apps/Foodhunts-backend/vendor/symfony/console/Command/Command.php(341): Illuminate\\Console\\Command->execute(Object(Symfony\\Component\\Console\\Input\\ArgvInput), Object(Illuminate\\Console\\OutputStyle))
#32 /Users/xilolomacbook/Apps/Foodhunts-backend/vendor/laravel/framework/src/Illuminate/Console/Command.php(180): Symfony\\Component\\Console\\Command\\Command->run(Object(Symfony\\Component\\Console\\Input\\ArgvInput), Object(Illuminate\\Console\\OutputStyle))
#33 /Users/xilolomacbook/Apps/Foodhunts-backend/vendor/symfony/console/Application.php(1117): Illuminate\\Console\\Command->run(Object(Symfony\\Component\\Console\\Input\\ArgvInput), Object(Symfony\\Component\\Console\\Output\\ConsoleOutput))
#34 /Users/xilolomacbook/Apps/Foodhunts-backend/vendor/symfony/console/Application.php(356): Symfony\\Component\\Console\\Application->doRunCommand(Object(Illuminate\\Database\\Console\\Migrations\\MigrateCommand), Object(Symfony\\Component\\Console\\Input\\ArgvInput), Object(Symfony\\Component\\Console\\Output\\ConsoleOutput))
#35 /Users/xilolomacbook/Apps/Foodhunts-backend/vendor/symfony/console/Application.php(195): Symfony\\Component\\Console\\Application->doRun(Object(Symfony\\Component\\Console\\Input\\ArgvInput), Object(Symfony\\Component\\Console\\Output\\ConsoleOutput))
#36 /Users/xilolomacbook/Apps/Foodhunts-backend/vendor/laravel/framework/src/Illuminate/Foundation/Console/Kernel.php(198): Symfony\\Component\\Console\\Application->run(Object(Symfony\\Component\\Console\\Input\\ArgvInput), Object(Symfony\\Component\\Console\\Output\\ConsoleOutput))
#37 /Users/xilolomacbook/Apps/Foodhunts-backend/artisan(12): Illuminate\\Foundation\\Console\\Kernel->handle(Object(Symfony\\Component\\Console\\Input\\ArgvInput), Object(Symfony\\Component\\Console\\Output\\ConsoleOutput))
#38 {main}
"} 
[2026-08-05 16:42:13] local.ERROR: SQLSTATE[08006] [7] connection to server at "127.0.0.1", port 5432 failed: Connection refused
	Is the server running on that host and accepting TCP/IP connections? (Connection: pgsql, Host: 127.0.0.1, Port: 5432, Database: foodhunts, SQL: select exists (select 1 from pg_class c, pg_namespace n where n.nspname = current_schema() and c.relname = 'migrations' and c.relkind in ('r', 'p') and n.oid = c.relnamespace)) {"exception":"[object] (Illuminate\\Database\\QueryException(code: 7): SQLSTATE[08006] [7] connection to server at \"127.0.0.1\", port 5432 failed: Connection refused
\tIs the server running on that host and accepting TCP/IP connections? (Connection: pgsql, Host: 127.0.0.1, Port: 5432, Database: foodhunts, SQL: select exists (select 1 from pg_class c, pg_namespace n where n.nspname = current_schema() and c.relname = 'migrations' and c.relkind in ('r', 'p') and n.oid = c.relnamespace)) at /Users/xilolomacbook/Apps/Foodhunts-backend/vendor/laravel/framework/src/Illuminate/Database/Connection.php:838)
[stacktrace]
#0 /Users/xilolomacbook/Apps/Foodhunts-backend/vendor/laravel/framework/src/Illuminate/Database/Connection.php(794): Illuminate\\Database\\Connection->runQueryCallback('select exists (...', Array, Object(Closure))
#1 /Users/xilolomacbook/Apps/Foodhunts-backend/vendor/laravel/framework/src/Illuminate/Database/Connection.php(411): Illuminate\\Database\\Connection->run('select exists (...', Array, Object(Closure))
#2 /Users/xilolomacbook/Apps/Foodhunts-backend/vendor/laravel/framework/src/Illuminate/Database/Connection.php(357): Illuminate\\Database\\Connection->select('select exists (...', Array, true)
#3 /Users/xilolomacbook/Apps/Foodhunts-backend/vendor/laravel/framework/src/Illuminate/Database/Connection.php(374): Illuminate\\Database\\Connection->selectOne('select exists (...', Array, true)
#4 /Users/xilolomacbook/Apps/Foodhunts-backend/vendor/laravel/framework/src/Illuminate/Database/Schema/Builder.php(176): Illuminate\\Database\\Connection->scalar('select exists (...')
#5 /Users/xilolomacbook/Apps/Foodhunts-backend/vendor/laravel/framework/src/Illuminate/Database/Migrations/DatabaseMigrationRepository.php(185): Illuminate\\Database\\Schema\\Builder->hasTable('migrations')
#6 /Users/xilolomacbook/Apps/Foodhunts-backend/vendor/laravel/framework/src/Illuminate/Database/Migrations/Migrator.php(758): Illuminate\\Database\\Migrations\\DatabaseMigrationRepository->repositoryExists()
#7 /Users/xilolomacbook/Apps/Foodhunts-backend/vendor/laravel/framework/src/Illuminate/Database/Console/Migrations/MigrateCommand.php(164): Illuminate\\Database\\Migrations\\Migrator->repositoryExists()
#8 /Users/xilolomacbook/Apps/Foodhunts-backend/vendor/laravel/framework/src/Illuminate/Support/helpers.php(328): Illuminate\\Database\\Console\\Migrations\\MigrateCommand->Illuminate\\Database\\Console\\Migrations\\{closure}(1)
#9 /Users/xilolomacbook/Apps/Foodhunts-backend/vendor/laravel/framework/src/Illuminate/Database/Console/Migrations/MigrateCommand.php(164): retry(1, Object(Closure), 0, Object(Closure))
#10 /Users/xilolomacbook/Apps/Foodhunts-backend/vendor/laravel/framework/src/Illuminate/Database/Console/Migrations/MigrateCommand.php(140): Illuminate\\Database\\Console\\Migrations\\MigrateCommand->repositoryExists()
#11 /Users/xilolomacbook/Apps/Foodhunts-backend/vendor/laravel/framework/src/Illuminate/Database/Console/Migrations/MigrateCommand.php(110): Illuminate\\Database\\Console\\Migrations\\MigrateCommand->prepareDatabase()
#12 /Users/xilolomacbook/Apps/Foodhunts-backend/vendor/laravel/framework/src/Illuminate/Database/Migrations/Migrator.php(671): Illuminate\\Database\\Console\\Migrations\\MigrateCommand->Illuminate\\Database\\Console\\Migrations\\{closure}()
#13 /Users/xilolomacbook/Apps/Foodhunts-backend/vendor/laravel/framework/src/Illuminate/Database/Console/Migrations/MigrateCommand.php(109): Illuminate\\Database\\Migrations\\Migrator->usingConnection(NULL, Object(Closure))
#14 /Users/xilolomacbook/Apps/Foodhunts-backend/vendor/laravel/framework/src/Illuminate/Database/Console/Migrations/MigrateCommand.php(88): Illuminate\\Database\\Console\\Migrations\\MigrateCommand->runMigrations()
#15 /Users/xilolomacbook/Apps/Foodhunts-backend/vendor/laravel/framework/src/Illuminate/Container/BoundMethod.php(36): Illuminate\\Database\\Console\\Migrations\\MigrateCommand->handle()
#16 /Users/xilolomacbook/Apps/Foodhunts-backend/vendor/laravel/framework/src/Illuminate/Container/Util.php(43): Illuminate\\Container\\BoundMethod::Illuminate\\Container\\{closure}()
#17 /Users/xilolomacbook/Apps/Foodhunts-backend/vendor/laravel/framework/src/Illuminate/Container/BoundMethod.php(96): Illuminate\\Container\\Util::unwrapIfClosure(Object(Closure))
#18 /Users/xilolomacbook/Apps/Foodhunts-backend/vendor/laravel/framework/src/Illuminate/Container/BoundMethod.php(35): Illuminate\\Container\\BoundMethod::callBoundMethod(Object(Illuminate\\Foundation\\Application), Array, Object(Closure))
#19 /Users/xilolomacbook/Apps/Foodhunts-backend/vendor/laravel/framework/src/Illuminate/Container/Container.php(799): Illuminate\\Container\\BoundMethod::call(Object(Illuminate\\Foundation\\Application), Array, Array, NULL)
#20 /Users/xilolomacbook/Apps/Foodhunts-backend/vendor/laravel/framework/src/Illuminate/Console/Command.php(211): Illuminate\\Container\\Container->call(Array)
#21 /Users/xilolomacbook/Apps/Foodhunts-backend/vendor/symfony/console/Command/Command.php(341): Illuminate\\Console\\Command->execute(Object(Symfony\\Component\\Console\\Input\\ArgvInput), Object(Illuminate\\Console\\OutputStyle))
#22 /Users/xilolomacbook/Apps/Foodhunts-backend/vendor/laravel/framework/src/Illuminate/Console/Command.php(180): Symfony\\Component\\Console\\Command\\Command->run(Object(Symfony\\Component\\Console\\Input\\ArgvInput), Object(Illuminate\\Console\\OutputStyle))
#23 /Users/xilolomacbook/Apps/Foodhunts-backend/vendor/symfony/console/Application.php(1117): Illuminate\\Console\\Command->run(Object(Symfony\\Component\\Console\\Input\\ArgvInput), Object(Symfony\\Component\\Console\\Output\\ConsoleOutput))
#24 /Users/xilolomacbook/Apps/Foodhunts-backend/vendor/symfony/console/Application.php(356): Symfony\\Component\\Console\\Application->doRunCommand(Object(Illuminate\\Database\\Console\\Migrations\\MigrateCommand), Object(Symfony\\Component\\Console\\Input\\ArgvInput), Object(Symfony\\Component\\Console\\Output\\ConsoleOutput))
#25 /Users/xilolomacbook/Apps/Foodhunts-backend/vendor/symfony/console/Application.php(195): Symfony\\Component\\Console\\Application->doRun(Object(Symfony\\Component\\Console\\Input\\ArgvInput), Object(Symfony\\Component\\Console\\Output\\ConsoleOutput))
#26 /Users/xilolomacbook/Apps/Foodhunts-backend/vendor/laravel/framework/src/Illuminate/Foundation/Console/Kernel.php(198): Symfony\\Component\\Console\\Application->run(Object(Symfony\\Component\\Console\\Input\\ArgvInput), Object(Symfony\\Component\\Console\\Output\\ConsoleOutput))
#27 /Users/xilolomacbook/Apps/Foodhunts-backend/artisan(12): Illuminate\\Foundation\\Console\\Kernel->handle(Object(Symfony\\Component\\Console\\Input\\ArgvInput), Object(Symfony\\Component\\Console\\Output\\ConsoleOutput))
#28 {main}

[previous exception] [object] (PDOException(code: 7): SQLSTATE[08006] [7] connection to server at \"127.0.0.1\", port 5432 failed: Connection refused
\tIs the server running on that host and accepting TCP/IP connections? at /Users/xilolomacbook/Apps/Foodhunts-backend/vendor/laravel/framework/src/Illuminate/Database/Connectors/Connector.php:66)
[stacktrace]
#0 /Users/xilolomacbook/Apps/Foodhunts-backend/vendor/laravel/framework/src/Illuminate/Database/Connectors/Connector.php(66): PDO->__construct('pgsql:host=127....', 'postgres', Object(SensitiveParameterValue), Array)
#1 /Users/xilolomacbook/Apps/Foodhunts-backend/vendor/laravel/framework/src/Illuminate/Database/Connectors/Connector.php(44): Illuminate\\Database\\Connectors\\Connector->createPdoConnection('pgsql:host=127....', 'postgres', Object(SensitiveParameterValue), Array)
#2 /Users/xilolomacbook/Apps/Foodhunts-backend/vendor/laravel/framework/src/Illuminate/Database/Connectors/PostgresConnector.php(35): Illuminate\\Database\\Connectors\\Connector->createConnection('pgsql:host=127....', Array, Array)
#3 /Users/xilolomacbook/Apps/Foodhunts-backend/vendor/laravel/framework/src/Illuminate/Database/Connectors/ConnectionFactory.php(186): Illuminate\\Database\\Connectors\\PostgresConnector->connect(Array)
#4 [internal function]: Illuminate\\Database\\Connectors\\ConnectionFactory->Illuminate\\Database\\Connectors\\{closure}()
#5 /Users/xilolomacbook/Apps/Foodhunts-backend/vendor/laravel/framework/src/Illuminate/Database/Connection.php(1257): call_user_func(Object(Closure))
#6 /Users/xilolomacbook/Apps/Foodhunts-backend/vendor/laravel/framework/src/Illuminate/Database/Connection.php(1295): Illuminate\\Database\\Connection->getPdo()
#7 /Users/xilolomacbook/Apps/Foodhunts-backend/vendor/laravel/framework/src/Illuminate/Database/Connection.php(525): Illuminate\\Database\\Connection->getReadPdo()
#8 /Users/xilolomacbook/Apps/Foodhunts-backend/vendor/laravel/framework/src/Illuminate/Database/Connection.php(420): Illuminate\\Database\\Connection->getPdoForSelect(true)
#9 /Users/xilolomacbook/Apps/Foodhunts-backend/vendor/laravel/framework/src/Illuminate/Database/Connection.php(827): Illuminate\\Database\\Connection->Illuminate\\Database\\{closure}('select exists (...', Array)
#10 /Users/xilolomacbook/Apps/Foodhunts-backend/vendor/laravel/framework/src/Illuminate/Database/Connection.php(794): Illuminate\\Database\\Connection->runQueryCallback('select exists (...', Array, Object(Closure))
#11 /Users/xilolomacbook/Apps/Foodhunts-backend/vendor/laravel/framework/src/Illuminate/Database/Connection.php(411): Illuminate\\Database\\Connection->run('select exists (...', Array, Object(Closure))
#12 /Users/xilolomacbook/Apps/Foodhunts-backend/vendor/laravel/framework/src/Illuminate/Database/Connection.php(357): Illuminate\\Database\\Connection->select('select exists (...', Array, true)
#13 /Users/xilolomacbook/Apps/Foodhunts-backend/vendor/laravel/framework/src/Illuminate/Database/Connection.php(374): Illuminate\\Database\\Connection->selectOne('select exists (...', Array, true)
#14 /Users/xilolomacbook/Apps/Foodhunts-backend/vendor/laravel/framework/src/Illuminate/Database/Schema/Builder.php(176): Illuminate\\Database\\Connection->scalar('select exists (...')
#15 /Users/xilolomacbook/Apps/Foodhunts-backend/vendor/laravel/framework/src/Illuminate/Database/Migrations/DatabaseMigrationRepository.php(185): Illuminate\\Database\\Schema\\Builder->hasTable('migrations')
#16 /Users/xilolomacbook/Apps/Foodhunts-backend/vendor/laravel/framework/src/Illuminate/Database/Migrations/Migrator.php(758): Illuminate\\Database\\Migrations\\DatabaseMigrationRepository->repositoryExists()
#17 /Users/xilolomacbook/Apps/Foodhunts-backend/vendor/laravel/framework/src/Illuminate/Database/Console/Migrations/MigrateCommand.php(164): Illuminate\\Database\\Migrations\\Migrator->repositoryExists()
#18 /Users/xilolomacbook/Apps/Foodhunts-backend/vendor/laravel/framework/src/Illuminate/Support/helpers.php(328): Illuminate\\Database\\Console\\Migrations\\MigrateCommand->Illuminate\\Database\\Console\\Migrations\\{closure}(1)
#19 /Users/xilolomacbook/Apps/Foodhunts-backend/vendor/laravel/framework/src/Illuminate/Database/Console/Migrations/MigrateCommand.php(164): retry(1, Object(Closure), 0, Object(Closure))
#20 /Users/xilolomacbook/Apps/Foodhunts-backend/vendor/laravel/framework/src/Illuminate/Database/Console/Migrations/MigrateCommand.php(140): Illuminate\\Database\\Console\\Migrations\\MigrateCommand->repositoryExists()
#21 /Users/xilolomacbook/Apps/Foodhunts-backend/vendor/laravel/framework/src/Illuminate/Database/Console/Migrations/MigrateCommand.php(110): Illuminate\\Database\\Console\\Migrations\\MigrateCommand->prepareDatabase()
#22 /Users/xilolomacbook/Apps/Foodhunts-backend/vendor/laravel/framework/src/Illuminate/Database/Migrations/Migrator.php(671): Illuminate\\Database\\Console\\Migrations\\MigrateCommand->Illuminate\\Database\\Console\\Migrations\\{closure}()
#23 /Users/xilolomacbook/Apps/Foodhunts-backend/vendor/laravel/framework/src/Illuminate/Database/Console/Migrations/MigrateCommand.php(109): Illuminate\\Database\\Migrations\\Migrator->usingConnection(NULL, Object(Closure))
#24 /Users/xilolomacbook/Apps/Foodhunts-backend/vendor/laravel/framework/src/Illuminate/Database/Console/Migrations/MigrateCommand.php(88): Illuminate\\Database\\Console\\Migrations\\MigrateCommand->runMigrations()
#25 /Users/xilolomacbook/Apps/Foodhunts-backend/vendor/laravel/framework/src/Illuminate/Container/BoundMethod.php(36): Illuminate\\Database\\Console\\Migrations\\MigrateCommand->handle()
#26 /Users/xilolomacbook/Apps/Foodhunts-backend/vendor/laravel/framework/src/Illuminate/Container/Util.php(43): Illuminate\\Container\\BoundMethod::Illuminate\\Container\\{closure}()
#27 /Users/xilolomacbook/Apps/Foodhunts-backend/vendor/laravel/framework/src/Illuminate/Container/BoundMethod.php(96): Illuminate\\Container\\Util::unwrapIfClosure(Object(Closure))
#28 /Users/xilolomacbook/Apps/Foodhunts-backend/vendor/laravel/framework/src/Illuminate/Container/BoundMethod.php(35): Illuminate\\Container\\BoundMethod::callBoundMethod(Object(Illuminate\\Foundation\\Application), Array, Object(Closure))
#29 /Users/xilolomacbook/Apps/Foodhunts-backend/vendor/laravel/framework/src/Illuminate/Container/Container.php(799): Illuminate\\Container\\BoundMethod::call(Object(Illuminate\\Foundation\\Application), Array, Array, NULL)
#30 /Users/xilolomacbook/Apps/Foodhunts-backend/vendor/laravel/framework/src/Illuminate/Console/Command.php(211): Illuminate\\Container\\Container->call(Array)
#31 /Users/xilolomacbook/Apps/Foodhunts-backend/vendor/symfony/console/Command/Command.php(341): Illuminate\\Console\\Command->execute(Object(Symfony\\Component\\Console\\Input\\ArgvInput), Object(Illuminate\\Console\\OutputStyle))
#32 /Users/xilolomacbook/Apps/Foodhunts-backend/vendor/laravel/framework/src/Illuminate/Console/Command.php(180): Symfony\\Component\\Console\\Command\\Command->run(Object(Symfony\\Component\\Console\\Input\\ArgvInput), Object(Illuminate\\Console\\OutputStyle))
#33 /Users/xilolomacbook/Apps/Foodhunts-backend/vendor/symfony/console/Application.php(1117): Illuminate\\Console\\Command->run(Object(Symfony\\Component\\Console\\Input\\ArgvInput), Object(Symfony\\Component\\Console\\Output\\ConsoleOutput))
#34 /Users/xilolomacbook/Apps/Foodhunts-backend/vendor/symfony/console/Application.php(356): Symfony\\Component\\Console\\Application->doRunCommand(Object(Illuminate\\Database\\Console\\Migrations\\MigrateCommand), Object(Symfony\\Component\\Console\\Input\\ArgvInput), Object(Symfony\\Component\\Console\\Output\\ConsoleOutput))
#35 /Users/xilolomacbook/Apps/Foodhunts-backend/vendor/symfony/console/Application.php(195): Symfony\\Component\\Console\\Application->doRun(Object(Symfony\\Component\\Console\\Input\\ArgvInput), Object(Symfony\\Component\\Console\\Output\\ConsoleOutput))
#36 /Users/xilolomacbook/Apps/Foodhunts-backend/vendor/laravel/framework/src/Illuminate/Foundation/Console/Kernel.php(198): Symfony\\Component\\Console\\Application->run(Object(Symfony\\Component\\Console\\Input\\ArgvInput), Object(Symfony\\Component\\Console\\Output\\ConsoleOutput))
#37 /Users/xilolomacbook/Apps/Foodhunts-backend/artisan(12): Illuminate\\Foundation\\Console\\Kernel->handle(Object(Symfony\\Component\\Console\\Input\\ArgvInput), Object(Symfony\\Component\\Console\\Output\\ConsoleOutput))
#38 {main}
"} 
[2026-08-05 16:47:47] local.WARNING: Media database update failed after storage verification. {"category":"restaurant_logo","entity_type":"Mockery_5_App_Models_Restaurant","entity_id":"7ae9da06-06f5-425b-881e-4e14821184e7","object_key":"restaurants/7ae9da06-06f5-425b-881e-4e14821184e7/logo/ec45abda-ff68-4596-81cd-fee2fceedb73.jpg","error_class":"App\\Services\\Media\\Exceptions\\MediaStorageException"} 
[2026-08-12 12:50:02] local.ERROR: Command "tinker" is not defined. {"exception":"[object] (Symfony\\Component\\Console\\Exception\\CommandNotFoundException(code: 0): Command \"tinker\" is not defined. at /Users/xilolomacbook/Apps/Foodhunts-backend/vendor/symfony/console/Application.php:759)
[stacktrace]
#0 /Users/xilolomacbook/Apps/Foodhunts-backend/vendor/symfony/console/Application.php(298): Symfony\\Component\\Console\\Application->find('tinker')
#1 /Users/xilolomacbook/Apps/Foodhunts-backend/vendor/symfony/console/Application.php(195): Symfony\\Component\\Console\\Application->doRun(Object(Symfony\\Component\\Console\\Input\\ArgvInput), Object(Symfony\\Component\\Console\\Output\\ConsoleOutput))
#2 /Users/xilolomacbook/Apps/Foodhunts-backend/vendor/laravel/framework/src/Illuminate/Foundation/Console/Kernel.php(198): Symfony\\Component\\Console\\Application->run(Object(Symfony\\Component\\Console\\Input\\ArgvInput), Object(Symfony\\Component\\Console\\Output\\ConsoleOutput))
#3 /Users/xilolomacbook/Apps/Foodhunts-backend/artisan(12): Illuminate\\Foundation\\Console\\Kernel->handle(Object(Symfony\\Component\\Console\\Input\\ArgvInput), Object(Symfony\\Component\\Console\\Output\\ConsoleOutput))
#4 {main}
"} 
[2026-08-12 12:50:24] local.ERROR: SQLSTATE[08006] [7] connection to server at "127.0.0.1", port 5432 failed: Connection refused
	Is the server running on that host and accepting TCP/IP connections? (Connection: pgsql, Host: 127.0.0.1, Port: 5432, Database: foodhunts, SQL: select "id", "name", "is_active", "kyc_status", "created_at" from "restaurants" where "name" in (chefonpoint, abk food, muchlab)) {"exception":"[object] (Illuminate\\Database\\QueryException(code: 7): SQLSTATE[08006] [7] connection to server at \"127.0.0.1\", port 5432 failed: Connection refused
\tIs the server running on that host and accepting TCP/IP connections? (Connection: pgsql, Host: 127.0.0.1, Port: 5432, Database: foodhunts, SQL: select \"id\", \"name\", \"is_active\", \"kyc_status\", \"created_at\" from \"restaurants\" where \"name\" in (chefonpoint, abk food, muchlab)) at /Users/xilolomacbook/Apps/Foodhunts-backend/vendor/laravel/framework/src/Illuminate/Database/Connection.php:838)
[stacktrace]
#0 /Users/xilolomacbook/Apps/Foodhunts-backend/vendor/laravel/framework/src/Illuminate/Database/Connection.php(794): Illuminate\\Database\\Connection->runQueryCallback('select \"id\", \"n...', Array, Object(Closure))
#1 /Users/xilolomacbook/Apps/Foodhunts-backend/vendor/laravel/framework/src/Illuminate/Database/Connection.php(411): Illuminate\\Database\\Connection->run('select \"id\", \"n...', Array, Object(Closure))
#2 /Users/xilolomacbook/Apps/Foodhunts-backend/vendor/laravel/framework/src/Illuminate/Database/Query/Builder.php(3505): Illuminate\\Database\\Connection->select('select \"id\", \"n...', Array, true)
#3 /Users/xilolomacbook/Apps/Foodhunts-backend/vendor/laravel/framework/src/Illuminate/Database/Query/Builder.php(3490): Illuminate\\Database\\Query\\Builder->runSelect()
#4 /Users/xilolomacbook/Apps/Foodhunts-backend/vendor/laravel/framework/src/Illuminate/Database/Query/Builder.php(4080): Illuminate\\Database\\Query\\Builder->Illuminate\\Database\\Query\\{closure}()
#5 /Users/xilolomacbook/Apps/Foodhunts-backend/vendor/laravel/framework/src/Illuminate/Database/Query/Builder.php(3489): Illuminate\\Database\\Query\\Builder->onceWithColumns(Array, Object(Closure))
#6 /Users/xilolomacbook/Apps/Foodhunts-backend/diagnose_restaurants.php(13): Illuminate\\Database\\Query\\Builder->get(Array)
#7 {main}

[previous exception] [object] (PDOException(code: 7): SQLSTATE[08006] [7] connection to server at \"127.0.0.1\", port 5432 failed: Connection refused
\tIs the server running on that host and accepting TCP/IP connections? at /Users/xilolomacbook/Apps/Foodhunts-backend/vendor/laravel/framework/src/Illuminate/Database/Connectors/Connector.php:66)
[stacktrace]
#0 /Users/xilolomacbook/Apps/Foodhunts-backend/vendor/laravel/framework/src/Illuminate/Database/Connectors/Connector.php(66): PDO->__construct('pgsql:host=127....', 'postgres', Object(SensitiveParameterValue), Array)
#1 /Users/xilolomacbook/Apps/Foodhunts-backend/vendor/laravel/framework/src/Illuminate/Database/Connectors/Connector.php(44): Illuminate\\Database\\Connectors\\Connector->createPdoConnection('pgsql:host=127....', 'postgres', Object(SensitiveParameterValue), Array)
#2 /Users/xilolomacbook/Apps/Foodhunts-backend/vendor/laravel/framework/src/Illuminate/Database/Connectors/PostgresConnector.php(35): Illuminate\\Database\\Connectors\\Connector->createConnection('pgsql:host=127....', Array, Array)
#3 /Users/xilolomacbook/Apps/Foodhunts-backend/vendor/laravel/framework/src/Illuminate/Database/Connectors/ConnectionFactory.php(186): Illuminate\\Database\\Connectors\\PostgresConnector->connect(Array)
#4 [internal function]: Illuminate\\Database\\Connectors\\ConnectionFactory->Illuminate\\Database\\Connectors\\{closure}()
#5 /Users/xilolomacbook/Apps/Foodhunts-backend/vendor/laravel/framework/src/Illuminate/Database/Connection.php(1257): call_user_func(Object(Closure))
#6 /Users/xilolomacbook/Apps/Foodhunts-backend/vendor/laravel/framework/src/Illuminate/Database/Connection.php(1295): Illuminate\\Database\\Connection->getPdo()
#7 /Users/xilolomacbook/Apps/Foodhunts-backend/vendor/laravel/framework/src/Illuminate/Database/Connection.php(525): Illuminate\\Database\\Connection->getReadPdo()
#8 /Users/xilolomacbook/Apps/Foodhunts-backend/vendor/laravel/framework/src/Illuminate/Database/Connection.php(420): Illuminate\\Database\\Connection->getPdoForSelect(true)
#9 /Users/xilolomacbook/Apps/Foodhunts-backend/vendor/laravel/framework/src/Illuminate/Database/Connection.php(827): Illuminate\\Database\\Connection->Illuminate\\Database\\{closure}('select \"id\", \"n...', Array)
#10 /Users/xilolomacbook/Apps/Foodhunts-backend/vendor/laravel/framework/src/Illuminate/Database/Connection.php(794): Illuminate\\Database\\Connection->runQueryCallback('select \"id\", \"n...', Array, Object(Closure))
#11 /Users/xilolomacbook/Apps/Foodhunts-backend/vendor/laravel/framework/src/Illuminate/Database/Connection.php(411): Illuminate\\Database\\Connection->run('select \"id\", \"n...', Array, Object(Closure))
#12 /Users/xilolomacbook/Apps/Foodhunts-backend/vendor/laravel/framework/src/Illuminate/Database/Query/Builder.php(3505): Illuminate\\Database\\Connection->select('select \"id\", \"n...', Array, true)
#13 /Users/xilolomacbook/Apps/Foodhunts-backend/vendor/laravel/framework/src/Illuminate/Database/Query/Builder.php(3490): Illuminate\\Database\\Query\\Builder->runSelect()
#14 /Users/xilolomacbook/Apps/Foodhunts-backend/vendor/laravel/framework/src/Illuminate/Database/Query/Builder.php(4080): Illuminate\\Database\\Query\\Builder->Illuminate\\Database\\Query\\{closure}()
#15 /Users/xilolomacbook/Apps/Foodhunts-backend/vendor/laravel/framework/src/Illuminate/Database/Query/Builder.php(3489): Illuminate\\Database\\Query\\Builder->onceWithColumns(Array, Object(Closure))
#16 /Users/xilolomacbook/Apps/Foodhunts-backend/diagnose_restaurants.php(13): Illuminate\\Database\\Query\\Builder->get(Array)
#17 {main}
"} 
[2026-08-13 00:16:34] local.ERROR: SQLSTATE[08006] [7] connection to server at "127.0.0.1", port 5432 failed: server does not support SSL, but SSL was required (Connection: pgsql, Host: 127.0.0.1, Port: 5432, Database: foodhunts, SQL: select exists (select 1 from pg_class c, pg_namespace n where n.nspname = current_schema() and c.relname = 'migrations' and c.relkind in ('r', 'p') and n.oid = c.relnamespace)) {"exception":"[object] (Illuminate\\Database\\QueryException(code: 7): SQLSTATE[08006] [7] connection to server at \"127.0.0.1\", port 5432 failed: server does not support SSL, but SSL was required (Connection: pgsql, Host: 127.0.0.1, Port: 5432, Database: foodhunts, SQL: select exists (select 1 from pg_class c, pg_namespace n where n.nspname = current_schema() and c.relname = 'migrations' and c.relkind in ('r', 'p') and n.oid = c.relnamespace)) at /Users/xilolomacbook/Apps/Foodhunts-backend/vendor/laravel/framework/src/Illuminate/Database/Connection.php:838)
[stacktrace]
#0 /Users/xilolomacbook/Apps/Foodhunts-backend/vendor/laravel/framework/src/Illuminate/Database/Connection.php(794): Illuminate\\Database\\Connection->runQueryCallback('select exists (...', Array, Object(Closure))
#1 /Users/xilolomacbook/Apps/Foodhunts-backend/vendor/laravel/framework/src/Illuminate/Database/Connection.php(411): Illuminate\\Database\\Connection->run('select exists (...', Array, Object(Closure))
#2 /Users/xilolomacbook/Apps/Foodhunts-backend/vendor/laravel/framework/src/Illuminate/Database/Connection.php(357): Illuminate\\Database\\Connection->select('select exists (...', Array, true)
#3 /Users/xilolomacbook/Apps/Foodhunts-backend/vendor/laravel/framework/src/Illuminate/Database/Connection.php(374): Illuminate\\Database\\Connection->selectOne('select exists (...', Array, true)
#4 /Users/xilolomacbook/Apps/Foodhunts-backend/vendor/laravel/framework/src/Illuminate/Database/Schema/Builder.php(176): Illuminate\\Database\\Connection->scalar('select exists (...')
#5 /Users/xilolomacbook/Apps/Foodhunts-backend/vendor/laravel/framework/src/Illuminate/Database/Migrations/DatabaseMigrationRepository.php(185): Illuminate\\Database\\Schema\\Builder->hasTable('migrations')
#6 /Users/xilolomacbook/Apps/Foodhunts-backend/vendor/laravel/framework/src/Illuminate/Database/Migrations/Migrator.php(758): Illuminate\\Database\\Migrations\\DatabaseMigrationRepository->repositoryExists()
#7 /Users/xilolomacbook/Apps/Foodhunts-backend/vendor/laravel/framework/src/Illuminate/Database/Console/Migrations/MigrateCommand.php(164): Illuminate\\Database\\Migrations\\Migrator->repositoryExists()
#8 /Users/xilolomacbook/Apps/Foodhunts-backend/vendor/laravel/framework/src/Illuminate/Support/helpers.php(328): Illuminate\\Database\\Console\\Migrations\\MigrateCommand->Illuminate\\Database\\Console\\Migrations\\{closure}(1)
#9 /Users/xilolomacbook/Apps/Foodhunts-backend/vendor/laravel/framework/src/Illuminate/Database/Console/Migrations/MigrateCommand.php(164): retry(1, Object(Closure), 0, Object(Closure))
#10 /Users/xilolomacbook/Apps/Foodhunts-backend/vendor/laravel/framework/src/Illuminate/Database/Console/Migrations/MigrateCommand.php(140): Illuminate\\Database\\Console\\Migrations\\MigrateCommand->repositoryExists()
#11 /Users/xilolomacbook/Apps/Foodhunts-backend/vendor/laravel/framework/src/Illuminate/Database/Console/Migrations/MigrateCommand.php(110): Illuminate\\Database\\Console\\Migrations\\MigrateCommand->prepareDatabase()
#12 /Users/xilolomacbook/Apps/Foodhunts-backend/vendor/laravel/framework/src/Illuminate/Database/Migrations/Migrator.php(671): Illuminate\\Database\\Console\\Migrations\\MigrateCommand->Illuminate\\Database\\Console\\Migrations\\{closure}()
#13 /Users/xilolomacbook/Apps/Foodhunts-backend/vendor/laravel/framework/src/Illuminate/Database/Console/Migrations/MigrateCommand.php(109): Illuminate\\Database\\Migrations\\Migrator->usingConnection(NULL, Object(Closure))
#14 /Users/xilolomacbook/Apps/Foodhunts-backend/vendor/laravel/framework/src/Illuminate/Database/Console/Migrations/MigrateCommand.php(88): Illuminate\\Database\\Console\\Migrations\\MigrateCommand->runMigrations()
#15 /Users/xilolomacbook/Apps/Foodhunts-backend/vendor/laravel/framework/src/Illuminate/Container/BoundMethod.php(36): Illuminate\\Database\\Console\\Migrations\\MigrateCommand->handle()
#16 /Users/xilolomacbook/Apps/Foodhunts-backend/vendor/laravel/framework/src/Illuminate/Container/Util.php(43): Illuminate\\Container\\BoundMethod::Illuminate\\Container\\{closure}()
#17 /Users/xilolomacbook/Apps/Foodhunts-backend/vendor/laravel/framework/src/Illuminate/Container/BoundMethod.php(96): Illuminate\\Container\\Util::unwrapIfClosure(Object(Closure))
#18 /Users/xilolomacbook/Apps/Foodhunts-backend/vendor/laravel/framework/src/Illuminate/Container/BoundMethod.php(35): Illuminate\\Container\\BoundMethod::callBoundMethod(Object(Illuminate\\Foundation\\Application), Array, Object(Closure))
#19 /Users/xilolomacbook/Apps/Foodhunts-backend/vendor/laravel/framework/src/Illuminate/Container/Container.php(799): Illuminate\\Container\\BoundMethod::call(Object(Illuminate\\Foundation\\Application), Array, Array, NULL)
#20 /Users/xilolomacbook/Apps/Foodhunts-backend/vendor/laravel/framework/src/Illuminate/Console/Command.php(211): Illuminate\\Container\\Container->call(Array)
#21 /Users/xilolomacbook/Apps/Foodhunts-backend/vendor/symfony/console/Command/Command.php(341): Illuminate\\Console\\Command->execute(Object(Symfony\\Component\\Console\\Input\\ArgvInput), Object(Illuminate\\Console\\OutputStyle))
#22 /Users/xilolomacbook/Apps/Foodhunts-backend/vendor/laravel/framework/src/Illuminate/Console/Command.php(180): Symfony\\Component\\Console\\Command\\Command->run(Object(Symfony\\Component\\Console\\Input\\ArgvInput), Object(Illuminate\\Console\\OutputStyle))
#23 /Users/xilolomacbook/Apps/Foodhunts-backend/vendor/symfony/console/Application.php(1117): Illuminate\\Console\\Command->run(Object(Symfony\\Component\\Console\\Input\\ArgvInput), Object(Symfony\\Component\\Console\\Output\\ConsoleOutput))
#24 /Users/xilolomacbook/Apps/Foodhunts-backend/vendor/symfony/console/Application.php(356): Symfony\\Component\\Console\\Application->doRunCommand(Object(Illuminate\\Database\\Console\\Migrations\\MigrateCommand), Object(Symfony\\Component\\Console\\Input\\ArgvInput), Object(Symfony\\Component\\Console\\Output\\ConsoleOutput))
#25 /Users/xilolomacbook/Apps/Foodhunts-backend/vendor/symfony/console/Application.php(195): Symfony\\Component\\Console\\Application->doRun(Object(Symfony\\Component\\Console\\Input\\ArgvInput), Object(Symfony\\Component\\Console\\Output\\ConsoleOutput))
#26 /Users/xilolomacbook/Apps/Foodhunts-backend/vendor/laravel/framework/src/Illuminate/Foundation/Console/Kernel.php(198): Symfony\\Component\\Console\\Application->run(Object(Symfony\\Component\\Console\\Input\\ArgvInput), Object(Symfony\\Component\\Console\\Output\\ConsoleOutput))
#27 /Users/xilolomacbook/Apps/Foodhunts-backend/artisan(12): Illuminate\\Foundation\\Console\\Kernel->handle(Object(Symfony\\Component\\Console\\Input\\ArgvInput), Object(Symfony\\Component\\Console\\Output\\ConsoleOutput))
#28 {main}

[previous exception] [object] (PDOException(code: 7): SQLSTATE[08006] [7] connection to server at \"127.0.0.1\", port 5432 failed: server does not support SSL, but SSL was required at /Users/xilolomacbook/Apps/Foodhunts-backend/vendor/laravel/framework/src/Illuminate/Database/Connectors/Connector.php:66)
[stacktrace]
#0 /Users/xilolomacbook/Apps/Foodhunts-backend/vendor/laravel/framework/src/Illuminate/Database/Connectors/Connector.php(66): PDO->__construct('pgsql:host=127....', 'postgres', Object(SensitiveParameterValue), Array)
#1 /Users/xilolomacbook/Apps/Foodhunts-backend/vendor/laravel/framework/src/Illuminate/Database/Connectors/Connector.php(44): Illuminate\\Database\\Connectors\\Connector->createPdoConnection('pgsql:host=127....', 'postgres', Object(SensitiveParameterValue), Array)
#2 /Users/xilolomacbook/Apps/Foodhunts-backend/vendor/laravel/framework/src/Illuminate/Database/Connectors/PostgresConnector.php(35): Illuminate\\Database\\Connectors\\Connector->createConnection('pgsql:host=127....', Array, Array)
#3 /Users/xilolomacbook/Apps/Foodhunts-backend/vendor/laravel/framework/src/Illuminate/Database/Connectors/ConnectionFactory.php(186): Illuminate\\Database\\Connectors\\PostgresConnector->connect(Array)
#4 [internal function]: Illuminate\\Database\\Connectors\\ConnectionFactory->Illuminate\\Database\\Connectors\\{closure}()
#5 /Users/xilolomacbook/Apps/Foodhunts-backend/vendor/laravel/framework/src/Illuminate/Database/Connection.php(1257): call_user_func(Object(Closure))
#6 /Users/xilolomacbook/Apps/Foodhunts-backend/vendor/laravel/framework/src/Illuminate/Database/Connection.php(1295): Illuminate\\Database\\Connection->getPdo()
#7 /Users/xilolomacbook/Apps/Foodhunts-backend/vendor/laravel/framework/src/Illuminate/Database/Connection.php(525): Illuminate\\Database\\Connection->getReadPdo()
#8 /Users/xilolomacbook/Apps/Foodhunts-backend/vendor/laravel/framework/src/Illuminate/Database/Connection.php(420): Illuminate\\Database\\Connection->getPdoForSelect(true)
#9 /Users/xilolomacbook/Apps/Foodhunts-backend/vendor/laravel/framework/src/Illuminate/Database/Connection.php(827): Illuminate\\Database\\Connection->Illuminate\\Database\\{closure}('select exists (...', Array)
#10 /Users/xilolomacbook/Apps/Foodhunts-backend/vendor/laravel/framework/src/Illuminate/Database/Connection.php(794): Illuminate\\Database\\Connection->runQueryCallback('select exists (...', Array, Object(Closure))
#11 /Users/xilolomacbook/Apps/Foodhunts-backend/vendor/laravel/framework/src/Illuminate/Database/Connection.php(411): Illuminate\\Database\\Connection->run('select exists (...', Array, Object(Closure))
#12 /Users/xilolomacbook/Apps/Foodhunts-backend/vendor/laravel/framework/src/Illuminate/Database/Connection.php(357): Illuminate\\Database\\Connection->select('select exists (...', Array, true)
#13 /Users/xilolomacbook/Apps/Foodhunts-backend/vendor/laravel/framework/src/Illuminate/Database/Connection.php(374): Illuminate\\Database\\Connection->selectOne('select exists (...', Array, true)
#14 /Users/xilolomacbook/Apps/Foodhunts-backend/vendor/laravel/framework/src/Illuminate/Database/Schema/Builder.php(176): Illuminate\\Database\\Connection->scalar('select exists (...')
#15 /Users/xilolomacbook/Apps/Foodhunts-backend/vendor/laravel/framework/src/Illuminate/Database/Migrations/DatabaseMigrationRepository.php(185): Illuminate\\Database\\Schema\\Builder->hasTable('migrations')
#16 /Users/xilolomacbook/Apps/Foodhunts-backend/vendor/laravel/framework/src/Illuminate/Database/Migrations/Migrator.php(758): Illuminate\\Database\\Migrations\\DatabaseMigrationRepository->repositoryExists()
#17 /Users/xilolomacbook/Apps/Foodhunts-backend/vendor/laravel/framework/src/Illuminate/Database/Console/Migrations/MigrateCommand.php(164): Illuminate\\Database\\Migrations\\Migrator->repositoryExists()
#18 /Users/xilolomacbook/Apps/Foodhunts-backend/vendor/laravel/framework/src/Illuminate/Support/helpers.php(328): Illuminate\\Database\\Console\\Migrations\\MigrateCommand->Illuminate\\Database\\Console\\Migrations\\{closure}(1)
#19 /Users/xilolomacbook/Apps/Foodhunts-backend/vendor/laravel/framework/src/Illuminate/Database/Console/Migrations/MigrateCommand.php(164): retry(1, Object(Closure), 0, Object(Closure))
#20 /Users/xilolomacbook/Apps/Foodhunts-backend/vendor/laravel/framework/src/Illuminate/Database/Console/Migrations/MigrateCommand.php(140): Illuminate\\Database\\Console\\Migrations\\MigrateCommand->repositoryExists()
#21 /Users/xilolomacbook/Apps/Foodhunts-backend/vendor/laravel/framework/src/Illuminate/Database/Console/Migrations/MigrateCommand.php(110): Illuminate\\Database\\Console\\Migrations\\MigrateCommand->prepareDatabase()
#22 /Users/xilolomacbook/Apps/Foodhunts-backend/vendor/laravel/framework/src/Illuminate/Database/Migrations/Migrator.php(671): Illuminate\\Database\\Console\\Migrations\\MigrateCommand->Illuminate\\Database\\Console\\Migrations\\{closure}()
#23 /Users/xilolomacbook/Apps/Foodhunts-backend/vendor/laravel/framework/src/Illuminate/Database/Console/Migrations/MigrateCommand.php(109): Illuminate\\Database\\Migrations\\Migrator->usingConnection(NULL, Object(Closure))
#24 /Users/xilolomacbook/Apps/Foodhunts-backend/vendor/laravel/framework/src/Illuminate/Database/Console/Migrations/MigrateCommand.php(88): Illuminate\\Database\\Console\\Migrations\\MigrateCommand->runMigrations()
#25 /Users/xilolomacbook/Apps/Foodhunts-backend/vendor/laravel/framework/src/Illuminate/Container/BoundMethod.php(36): Illuminate\\Database\\Console\\Migrations\\MigrateCommand->handle()
#26 /Users/xilolomacbook/Apps/Foodhunts-backend/vendor/laravel/framework/src/Illuminate/Container/Util.php(43): Illuminate\\Container\\BoundMethod::Illuminate\\Container\\{closure}()
#27 /Users/xilolomacbook/Apps/Foodhunts-backend/vendor/laravel/framework/src/Illuminate/Container/BoundMethod.php(96): Illuminate\\Container\\Util::unwrapIfClosure(Object(Closure))
#28 /Users/xilolomacbook/Apps/Foodhunts-backend/vendor/laravel/framework/src/Illuminate/Container/BoundMethod.php(35): Illuminate\\Container\\BoundMethod::callBoundMethod(Object(Illuminate\\Foundation\\Application), Array, Object(Closure))
#29 /Users/xilolomacbook/Apps/Foodhunts-backend/vendor/laravel/framework/src/Illuminate/Container/Container.php(799): Illuminate\\Container\\BoundMethod::call(Object(Illuminate\\Foundation\\Application), Array, Array, NULL)
#30 /Users/xilolomacbook/Apps/Foodhunts-backend/vendor/laravel/framework/src/Illuminate/Console/Command.php(211): Illuminate\\Container\\Container->call(Array)
#31 /Users/xilolomacbook/Apps/Foodhunts-backend/vendor/symfony/console/Command/Command.php(341): Illuminate\\Console\\Command->execute(Object(Symfony\\Component\\Console\\Input\\ArgvInput), Object(Illuminate\\Console\\OutputStyle))
#32 /Users/xilolomacbook/Apps/Foodhunts-backend/vendor/laravel/framework/src/Illuminate/Console/Command.php(180): Symfony\\Component\\Console\\Command\\Command->run(Object(Symfony\\Component\\Console\\Input\\ArgvInput), Object(Illuminate\\Console\\OutputStyle))
#33 /Users/xilolomacbook/Apps/Foodhunts-backend/vendor/symfony/console/Application.php(1117): Illuminate\\Console\\Command->run(Object(Symfony\\Component\\Console\\Input\\ArgvInput), Object(Symfony\\Component\\Console\\Output\\ConsoleOutput))
#34 /Users/xilolomacbook/Apps/Foodhunts-backend/vendor/symfony/console/Application.php(356): Symfony\\Component\\Console\\Application->doRunCommand(Object(Illuminate\\Database\\Console\\Migrations\\MigrateCommand), Object(Symfony\\Component\\Console\\Input\\ArgvInput), Object(Symfony\\Component\\Console\\Output\\ConsoleOutput))
#35 /Users/xilolomacbook/Apps/Foodhunts-backend/vendor/symfony/console/Application.php(195): Symfony\\Component\\Console\\Application->doRun(Object(Symfony\\Component\\Console\\Input\\ArgvInput), Object(Symfony\\Component\\Console\\Output\\ConsoleOutput))
#36 /Users/xilolomacbook/Apps/Foodhunts-backend/vendor/laravel/framework/src/Illuminate/Foundation/Console/Kernel.php(198): Symfony\\Component\\Console\\Application->run(Object(Symfony\\Component\\Console\\Input\\ArgvInput), Object(Symfony\\Component\\Console\\Output\\ConsoleOutput))
#37 /Users/xilolomacbook/Apps/Foodhunts-backend/artisan(12): Illuminate\\Foundation\\Console\\Kernel->handle(Object(Symfony\\Component\\Console\\Input\\ArgvInput), Object(Symfony\\Component\\Console\\Output\\ConsoleOutput))
#38 {main}
"} 
[2026-08-13 00:16:42] local.ERROR: SQLSTATE[08006] [7] connection to server at "127.0.0.1", port 5432 failed: server does not support SSL, but SSL was required (Connection: pgsql, Host: 127.0.0.1, Port: 5432, Database: foodhunts, SQL: select exists (select 1 from pg_class c, pg_namespace n where n.nspname = current_schema() and c.relname = 'migrations' and c.relkind in ('r', 'p') and n.oid = c.relnamespace)) {"exception":"[object] (Illuminate\\Database\\QueryException(code: 7): SQLSTATE[08006] [7] connection to server at \"127.0.0.1\", port 5432 failed: server does not support SSL, but SSL was required (Connection: pgsql, Host: 127.0.0.1, Port: 5432, Database: foodhunts, SQL: select exists (select 1 from pg_class c, pg_namespace n where n.nspname = current_schema() and c.relname = 'migrations' and c.relkind in ('r', 'p') and n.oid = c.relnamespace)) at /Users/xilolomacbook/Apps/Foodhunts-backend/vendor/laravel/framework/src/Illuminate/Database/Connection.php:838)
[stacktrace]
#0 /Users/xilolomacbook/Apps/Foodhunts-backend/vendor/laravel/framework/src/Illuminate/Database/Connection.php(794): Illuminate\\Database\\Connection->runQueryCallback('select exists (...', Array, Object(Closure))
#1 /Users/xilolomacbook/Apps/Foodhunts-backend/vendor/laravel/framework/src/Illuminate/Database/Connection.php(411): Illuminate\\Database\\Connection->run('select exists (...', Array, Object(Closure))
#2 /Users/xilolomacbook/Apps/Foodhunts-backend/vendor/laravel/framework/src/Illuminate/Database/Connection.php(357): Illuminate\\Database\\Connection->select('select exists (...', Array, true)
#3 /Users/xilolomacbook/Apps/Foodhunts-backend/vendor/laravel/framework/src/Illuminate/Database/Connection.php(374): Illuminate\\Database\\Connection->selectOne('select exists (...', Array, true)
#4 /Users/xilolomacbook/Apps/Foodhunts-backend/vendor/laravel/framework/src/Illuminate/Database/Schema/Builder.php(176): Illuminate\\Database\\Connection->scalar('select exists (...')
#5 /Users/xilolomacbook/Apps/Foodhunts-backend/vendor/laravel/framework/src/Illuminate/Database/Migrations/DatabaseMigrationRepository.php(185): Illuminate\\Database\\Schema\\Builder->hasTable('migrations')
#6 /Users/xilolomacbook/Apps/Foodhunts-backend/vendor/laravel/framework/src/Illuminate/Database/Migrations/Migrator.php(758): Illuminate\\Database\\Migrations\\DatabaseMigrationRepository->repositoryExists()
#7 /Users/xilolomacbook/Apps/Foodhunts-backend/vendor/laravel/framework/src/Illuminate/Database/Console/Migrations/MigrateCommand.php(164): Illuminate\\Database\\Migrations\\Migrator->repositoryExists()
#8 /Users/xilolomacbook/Apps/Foodhunts-backend/vendor/laravel/framework/src/Illuminate/Support/helpers.php(328): Illuminate\\Database\\Console\\Migrations\\MigrateCommand->Illuminate\\Database\\Console\\Migrations\\{closure}(1)
#9 /Users/xilolomacbook/Apps/Foodhunts-backend/vendor/laravel/framework/src/Illuminate/Database/Console/Migrations/MigrateCommand.php(164): retry(1, Object(Closure), 0, Object(Closure))
#10 /Users/xilolomacbook/Apps/Foodhunts-backend/vendor/laravel/framework/src/Illuminate/Database/Console/Migrations/MigrateCommand.php(140): Illuminate\\Database\\Console\\Migrations\\MigrateCommand->repositoryExists()
#11 /Users/xilolomacbook/Apps/Foodhunts-backend/vendor/laravel/framework/src/Illuminate/Database/Console/Migrations/MigrateCommand.php(110): Illuminate\\Database\\Console\\Migrations\\MigrateCommand->prepareDatabase()
#12 /Users/xilolomacbook/Apps/Foodhunts-backend/vendor/laravel/framework/src/Illuminate/Database/Migrations/Migrator.php(671): Illuminate\\Database\\Console\\Migrations\\MigrateCommand->Illuminate\\Database\\Console\\Migrations\\{closure}()
#13 /Users/xilolomacbook/Apps/Foodhunts-backend/vendor/laravel/framework/src/Illuminate/Database/Console/Migrations/MigrateCommand.php(109): Illuminate\\Database\\Migrations\\Migrator->usingConnection(NULL, Object(Closure))
#14 /Users/xilolomacbook/Apps/Foodhunts-backend/vendor/laravel/framework/src/Illuminate/Database/Console/Migrations/MigrateCommand.php(88): Illuminate\\Database\\Console\\Migrations\\MigrateCommand->runMigrations()
#15 /Users/xilolomacbook/Apps/Foodhunts-backend/vendor/laravel/framework/src/Illuminate/Container/BoundMethod.php(36): Illuminate\\Database\\Console\\Migrations\\MigrateCommand->handle()
#16 /Users/xilolomacbook/Apps/Foodhunts-backend/vendor/laravel/framework/src/Illuminate/Container/Util.php(43): Illuminate\\Container\\BoundMethod::Illuminate\\Container\\{closure}()
#17 /Users/xilolomacbook/Apps/Foodhunts-backend/vendor/laravel/framework/src/Illuminate/Container/BoundMethod.php(96): Illuminate\\Container\\Util::unwrapIfClosure(Object(Closure))
#18 /Users/xilolomacbook/Apps/Foodhunts-backend/vendor/laravel/framework/src/Illuminate/Container/BoundMethod.php(35): Illuminate\\Container\\BoundMethod::callBoundMethod(Object(Illuminate\\Foundation\\Application), Array, Object(Closure))
#19 /Users/xilolomacbook/Apps/Foodhunts-backend/vendor/laravel/framework/src/Illuminate/Container/Container.php(799): Illuminate\\Container\\BoundMethod::call(Object(Illuminate\\Foundation\\Application), Array, Array, NULL)
#20 /Users/xilolomacbook/Apps/Foodhunts-backend/vendor/laravel/framework/src/Illuminate/Console/Command.php(211): Illuminate\\Container\\Container->call(Array)
#21 /Users/xilolomacbook/Apps/Foodhunts-backend/vendor/symfony/console/Command/Command.php(341): Illuminate\\Console\\Command->execute(Object(Symfony\\Component\\Console\\Input\\ArgvInput), Object(Illuminate\\Console\\OutputStyle))
#22 /Users/xilolomacbook/Apps/Foodhunts-backend/vendor/laravel/framework/src/Illuminate/Console/Command.php(180): Symfony\\Component\\Console\\Command\\Command->run(Object(Symfony\\Component\\Console\\Input\\ArgvInput), Object(Illuminate\\Console\\OutputStyle))
#23 /Users/xilolomacbook/Apps/Foodhunts-backend/vendor/symfony/console/Application.php(1117): Illuminate\\Console\\Command->run(Object(Symfony\\Component\\Console\\Input\\ArgvInput), Object(Symfony\\Component\\Console\\Output\\ConsoleOutput))
#24 /Users/xilolomacbook/Apps/Foodhunts-backend/vendor/symfony/console/Application.php(356): Symfony\\Component\\Console\\Application->doRunCommand(Object(Illuminate\\Database\\Console\\Migrations\\MigrateCommand), Object(Symfony\\Component\\Console\\Input\\ArgvInput), Object(Symfony\\Component\\Console\\Output\\ConsoleOutput))
#25 /Users/xilolomacbook/Apps/Foodhunts-backend/vendor/symfony/console/Application.php(195): Symfony\\Component\\Console\\Application->doRun(Object(Symfony\\Component\\Console\\Input\\ArgvInput), Object(Symfony\\Component\\Console\\Output\\ConsoleOutput))
#26 /Users/xilolomacbook/Apps/Foodhunts-backend/vendor/laravel/framework/src/Illuminate/Foundation/Console/Kernel.php(198): Symfony\\Component\\Console\\Application->run(Object(Symfony\\Component\\Console\\Input\\ArgvInput), Object(Symfony\\Component\\Console\\Output\\ConsoleOutput))
#27 /Users/xilolomacbook/Apps/Foodhunts-backend/artisan(12): Illuminate\\Foundation\\Console\\Kernel->handle(Object(Symfony\\Component\\Console\\Input\\ArgvInput), Object(Symfony\\Component\\Console\\Output\\ConsoleOutput))
#28 {main}

[previous exception] [object] (PDOException(code: 7): SQLSTATE[08006] [7] connection to server at \"127.0.0.1\", port 5432 failed: server does not support SSL, but SSL was required at /Users/xilolomacbook/Apps/Foodhunts-backend/vendor/laravel/framework/src/Illuminate/Database/Connectors/Connector.php:66)
[stacktrace]
#0 /Users/xilolomacbook/Apps/Foodhunts-backend/vendor/laravel/framework/src/Illuminate/Database/Connectors/Connector.php(66): PDO->__construct('pgsql:host=127....', 'postgres', Object(SensitiveParameterValue), Array)
#1 /Users/xilolomacbook/Apps/Foodhunts-backend/vendor/laravel/framework/src/Illuminate/Database/Connectors/Connector.php(44): Illuminate\\Database\\Connectors\\Connector->createPdoConnection('pgsql:host=127....', 'postgres', Object(SensitiveParameterValue), Array)
#2 /Users/xilolomacbook/Apps/Foodhunts-backend/vendor/laravel/framework/src/Illuminate/Database/Connectors/PostgresConnector.php(35): Illuminate\\Database\\Connectors\\Connector->createConnection('pgsql:host=127....', Array, Array)
#3 /Users/xilolomacbook/Apps/Foodhunts-backend/vendor/laravel/framework/src/Illuminate/Database/Connectors/ConnectionFactory.php(186): Illuminate\\Database\\Connectors\\PostgresConnector->connect(Array)
#4 [internal function]: Illuminate\\Database\\Connectors\\ConnectionFactory->Illuminate\\Database\\Connectors\\{closure}()
#5 /Users/xilolomacbook/Apps/Foodhunts-backend/vendor/laravel/framework/src/Illuminate/Database/Connection.php(1257): call_user_func(Object(Closure))
#6 /Users/xilolomacbook/Apps/Foodhunts-backend/vendor/laravel/framework/src/Illuminate/Database/Connection.php(1295): Illuminate\\Database\\Connection->getPdo()
#7 /Users/xilolomacbook/Apps/Foodhunts-backend/vendor/laravel/framework/src/Illuminate/Database/Connection.php(525): Illuminate\\Database\\Connection->getReadPdo()
#8 /Users/xilolomacbook/Apps/Foodhunts-backend/vendor/laravel/framework/src/Illuminate/Database/Connection.php(420): Illuminate\\Database\\Connection->getPdoForSelect(true)
#9 /Users/xilolomacbook/Apps/Foodhunts-backend/vendor/laravel/framework/src/Illuminate/Database/Connection.php(827): Illuminate\\Database\\Connection->Illuminate\\Database\\{closure}('select exists (...', Array)
#10 /Users/xilolomacbook/Apps/Foodhunts-backend/vendor/laravel/framework/src/Illuminate/Database/Connection.php(794): Illuminate\\Database\\Connection->runQueryCallback('select exists (...', Array, Object(Closure))
#11 /Users/xilolomacbook/Apps/Foodhunts-backend/vendor/laravel/framework/src/Illuminate/Database/Connection.php(411): Illuminate\\Database\\Connection->run('select exists (...', Array, Object(Closure))
#12 /Users/xilolomacbook/Apps/Foodhunts-backend/vendor/laravel/framework/src/Illuminate/Database/Connection.php(357): Illuminate\\Database\\Connection->select('select exists (...', Array, true)
#13 /Users/xilolomacbook/Apps/Foodhunts-backend/vendor/laravel/framework/src/Illuminate/Database/Connection.php(374): Illuminate\\Database\\Connection->selectOne('select exists (...', Array, true)
#14 /Users/xilolomacbook/Apps/Foodhunts-backend/vendor/laravel/framework/src/Illuminate/Database/Schema/Builder.php(176): Illuminate\\Database\\Connection->scalar('select exists (...')
#15 /Users/xilolomacbook/Apps/Foodhunts-backend/vendor/laravel/framework/src/Illuminate/Database/Migrations/DatabaseMigrationRepository.php(185): Illuminate\\Database\\Schema\\Builder->hasTable('migrations')
#16 /Users/xilolomacbook/Apps/Foodhunts-backend/vendor/laravel/framework/src/Illuminate/Database/Migrations/Migrator.php(758): Illuminate\\Database\\Migrations\\DatabaseMigrationRepository->repositoryExists()
#17 /Users/xilolomacbook/Apps/Foodhunts-backend/vendor/laravel/framework/src/Illuminate/Database/Console/Migrations/MigrateCommand.php(164): Illuminate\\Database\\Migrations\\Migrator->repositoryExists()
#18 /Users/xilolomacbook/Apps/Foodhunts-backend/vendor/laravel/framework/src/Illuminate/Support/helpers.php(328): Illuminate\\Database\\Console\\Migrations\\MigrateCommand->Illuminate\\Database\\Console\\Migrations\\{closure}(1)
#19 /Users/xilolomacbook/Apps/Foodhunts-backend/vendor/laravel/framework/src/Illuminate/Database/Console/Migrations/MigrateCommand.php(164): retry(1, Object(Closure), 0, Object(Closure))
#20 /Users/xilolomacbook/Apps/Foodhunts-backend/vendor/laravel/framework/src/Illuminate/Database/Console/Migrations/MigrateCommand.php(140): Illuminate\\Database\\Console\\Migrations\\MigrateCommand->repositoryExists()
#21 /Users/xilolomacbook/Apps/Foodhunts-backend/vendor/laravel/framework/src/Illuminate/Database/Console/Migrations/MigrateCommand.php(110): Illuminate\\Database\\Console\\Migrations\\MigrateCommand->prepareDatabase()
#22 /Users/xilolomacbook/Apps/Foodhunts-backend/vendor/laravel/framework/src/Illuminate/Database/Migrations/Migrator.php(671): Illuminate\\Database\\Console\\Migrations\\MigrateCommand->Illuminate\\Database\\Console\\Migrations\\{closure}()
#23 /Users/xilolomacbook/Apps/Foodhunts-backend/vendor/laravel/framework/src/Illuminate/Database/Console/Migrations/MigrateCommand.php(109): Illuminate\\Database\\Migrations\\Migrator->usingConnection(NULL, Object(Closure))
#24 /Users/xilolomacbook/Apps/Foodhunts-backend/vendor/laravel/framework/src/Illuminate/Database/Console/Migrations/MigrateCommand.php(88): Illuminate\\Database\\Console\\Migrations\\MigrateCommand->runMigrations()
#25 /Users/xilolomacbook/Apps/Foodhunts-backend/vendor/laravel/framework/src/Illuminate/Container/BoundMethod.php(36): Illuminate\\Database\\Console\\Migrations\\MigrateCommand->handle()
#26 /Users/xilolomacbook/Apps/Foodhunts-backend/vendor/laravel/framework/src/Illuminate/Container/Util.php(43): Illuminate\\Container\\BoundMethod::Illuminate\\Container\\{closure}()
#27 /Users/xilolomacbook/Apps/Foodhunts-backend/vendor/laravel/framework/src/Illuminate/Container/BoundMethod.php(96): Illuminate\\Container\\Util::unwrapIfClosure(Object(Closure))
#28 /Users/xilolomacbook/Apps/Foodhunts-backend/vendor/laravel/framework/src/Illuminate/Container/BoundMethod.php(35): Illuminate\\Container\\BoundMethod::callBoundMethod(Object(Illuminate\\Foundation\\Application), Array, Object(Closure))
#29 /Users/xilolomacbook/Apps/Foodhunts-backend/vendor/laravel/framework/src/Illuminate/Container/Container.php(799): Illuminate\\Container\\BoundMethod::call(Object(Illuminate\\Foundation\\Application), Array, Array, NULL)
#30 /Users/xilolomacbook/Apps/Foodhunts-backend/vendor/laravel/framework/src/Illuminate/Console/Command.php(211): Illuminate\\Container\\Container->call(Array)
#31 /Users/xilolomacbook/Apps/Foodhunts-backend/vendor/symfony/console/Command/Command.php(341): Illuminate\\Console\\Command->execute(Object(Symfony\\Component\\Console\\Input\\ArgvInput), Object(Illuminate\\Console\\OutputStyle))
#32 /Users/xilolomacbook/Apps/Foodhunts-backend/vendor/laravel/framework/src/Illuminate/Console/Command.php(180): Symfony\\Component\\Console\\Command\\Command->run(Object(Symfony\\Component\\Console\\Input\\ArgvInput), Object(Illuminate\\Console\\OutputStyle))
#33 /Users/xilolomacbook/Apps/Foodhunts-backend/vendor/symfony/console/Application.php(1117): Illuminate\\Console\\Command->run(Object(Symfony\\Component\\Console\\Input\\ArgvInput), Object(Symfony\\Component\\Console\\Output\\ConsoleOutput))
#34 /Users/xilolomacbook/Apps/Foodhunts-backend/vendor/symfony/console/Application.php(356): Symfony\\Component\\Console\\Application->doRunCommand(Object(Illuminate\\Database\\Console\\Migrations\\MigrateCommand), Object(Symfony\\Component\\Console\\Input\\ArgvInput), Object(Symfony\\Component\\Console\\Output\\ConsoleOutput))
#35 /Users/xilolomacbook/Apps/Foodhunts-backend/vendor/symfony/console/Application.php(195): Symfony\\Component\\Console\\Application->doRun(Object(Symfony\\Component\\Console\\Input\\ArgvInput), Object(Symfony\\Component\\Console\\Output\\ConsoleOutput))
#36 /Users/xilolomacbook/Apps/Foodhunts-backend/vendor/laravel/framework/src/Illuminate/Foundation/Console/Kernel.php(198): Symfony\\Component\\Console\\Application->run(Object(Symfony\\Component\\Console\\Input\\ArgvInput), Object(Symfony\\Component\\Console\\Output\\ConsoleOutput))
#37 /Users/xilolomacbook/Apps/Foodhunts-backend/artisan(12): Illuminate\\Foundation\\Console\\Kernel->handle(Object(Symfony\\Component\\Console\\Input\\ArgvInput), Object(Symfony\\Component\\Console\\Output\\ConsoleOutput))
#38 {main}
"} 
[2026-08-13 15:01:07] local.ERROR: Method Illuminate\Database\Schema\Blueprint::check does not exist. {"exception":"[object] (BadMethodCallException(code: 0): Method Illuminate\\Database\\Schema\\Blueprint::check does not exist. at /Users/xilolomacbook/Apps/Foodhunts-backend/vendor/laravel/framework/src/Illuminate/Macroable/Traits/Macroable.php:117)
[stacktrace]
#0 /Users/xilolomacbook/Apps/Foodhunts-backend/database/migrations/2026_06_27_000004_create_referrals_table.php(18): Illuminate\\Database\\Schema\\Blueprint->__call('check', Array)
#1 /Users/xilolomacbook/Apps/Foodhunts-backend/vendor/laravel/framework/src/Illuminate/Database/Schema/Builder.php(509): Illuminate\\Database\\Migrations\\Migration@anonymous->{closure}(Object(Illuminate\\Database\\Schema\\Blueprint))
#2 /Users/xilolomacbook/Apps/Foodhunts-backend/vendor/laravel/framework/src/Illuminate/Support/helpers.php(393): Illuminate\\Database\\Schema\\Builder->Illuminate\\Database\\Schema\\{closure}(Object(Illuminate\\Database\\Schema\\Blueprint))
#3 /Users/xilolomacbook/Apps/Foodhunts-backend/vendor/laravel/framework/src/Illuminate/Database/Schema/Builder.php(506): tap(Object(Illuminate\\Database\\Schema\\Blueprint), Object(Closure))
#4 /Users/xilolomacbook/Apps/Foodhunts-backend/vendor/laravel/framework/src/Illuminate/Support/Facades/Facade.php(363): Illuminate\\Database\\Schema\\Builder->create('referrals', Object(Closure))
#5 /Users/xilolomacbook/Apps/Foodhunts-backend/database/migrations/2026_06_27_000004_create_referrals_table.php(10): Illuminate\\Support\\Facades\\Facade::__callStatic('create', Array)
#6 /Users/xilolomacbook/Apps/Foodhunts-backend/vendor/laravel/framework/src/Illuminate/Database/Migrations/Migrator.php(517): Illuminate\\Database\\Migrations\\Migration@anonymous->up()
#7 /Users/xilolomacbook/Apps/Foodhunts-backend/vendor/laravel/framework/src/Illuminate/Database/Migrations/Migrator.php(442): Illuminate\\Database\\Migrations\\Migrator->runMethod(Object(Illuminate\\Database\\PostgresConnection), Object(Illuminate\\Database\\Migrations\\Migration@anonymous), 'up')
#8 /Users/xilolomacbook/Apps/Foodhunts-backend/vendor/laravel/framework/src/Illuminate/Database/Concerns/ManagesTransactions.php(35): Illuminate\\Database\\Migrations\\Migrator->Illuminate\\Database\\Migrations\\{closure}(Object(Illuminate\\Database\\PostgresConnection))
#9 /Users/xilolomacbook/Apps/Foodhunts-backend/vendor/laravel/framework/src/Illuminate/Database/Migrations/Migrator.php(450): Illuminate\\Database\\Connection->transaction(Object(Closure))
#10 /Users/xilolomacbook/Apps/Foodhunts-backend/vendor/laravel/framework/src/Illuminate/Database/Migrations/Migrator.php(253): Illuminate\\Database\\Migrations\\Migrator->runMigration(Object(Illuminate\\Database\\Migrations\\Migration@anonymous), 'up')
#11 /Users/xilolomacbook/Apps/Foodhunts-backend/vendor/laravel/framework/src/Illuminate/Console/View/Components/Task.php(41): Illuminate\\Database\\Migrations\\Migrator->Illuminate\\Database\\Migrations\\{closure}()
#12 /Users/xilolomacbook/Apps/Foodhunts-backend/vendor/laravel/framework/src/Illuminate/Database/Migrations/Migrator.php(814): Illuminate\\Console\\View\\Components\\Task->render('2026_06_27_0000...', Object(Closure))
#13 /Users/xilolomacbook/Apps/Foodhunts-backend/vendor/laravel/framework/src/Illuminate/Database/Migrations/Migrator.php(253): Illuminate\\Database\\Migrations\\Migrator->write('Illuminate\\\\Cons...', '2026_06_27_0000...', Object(Closure))
#14 /Users/xilolomacbook/Apps/Foodhunts-backend/vendor/laravel/framework/src/Illuminate/Database/Migrations/Migrator.php(211): Illuminate\\Database\\Migrations\\Migrator->runUp('/Users/xiloloma...', 1, false)
#15 /Users/xilolomacbook/Apps/Foodhunts-backend/vendor/laravel/framework/src/Illuminate/Database/Migrations/Migrator.php(138): Illuminate\\Database\\Migrations\\Migrator->runPending(Array, Array)
#16 /Users/xilolomacbook/Apps/Foodhunts-backend/vendor/laravel/framework/src/Illuminate/Database/Console/Migrations/MigrateCommand.php(116): Illuminate\\Database\\Migrations\\Migrator->run(Array, Array)
#17 /Users/xilolomacbook/Apps/Foodhunts-backend/vendor/laravel/framework/src/Illuminate/Database/Migrations/Migrator.php(671): Illuminate\\Database\\Console\\Migrations\\MigrateCommand->Illuminate\\Database\\Console\\Migrations\\{closure}()
#18 /Users/xilolomacbook/Apps/Foodhunts-backend/vendor/laravel/framework/src/Illuminate/Database/Console/Migrations/MigrateCommand.php(109): Illuminate\\Database\\Migrations\\Migrator->usingConnection(NULL, Object(Closure))
#19 /Users/xilolomacbook/Apps/Foodhunts-backend/vendor/laravel/framework/src/Illuminate/Database/Console/Migrations/MigrateCommand.php(88): Illuminate\\Database\\Console\\Migrations\\MigrateCommand->runMigrations()
#20 /Users/xilolomacbook/Apps/Foodhunts-backend/vendor/laravel/framework/src/Illuminate/Container/BoundMethod.php(36): Illuminate\\Database\\Console\\Migrations\\MigrateCommand->handle()
#21 /Users/xilolomacbook/Apps/Foodhunts-backend/vendor/laravel/framework/src/Illuminate/Container/Util.php(43): Illuminate\\Container\\BoundMethod::Illuminate\\Container\\{closure}()
#22 /Users/xilolomacbook/Apps/Foodhunts-backend/vendor/laravel/framework/src/Illuminate/Container/BoundMethod.php(96): Illuminate\\Container\\Util::unwrapIfClosure(Object(Closure))
#23 /Users/xilolomacbook/Apps/Foodhunts-backend/vendor/laravel/framework/src/Illuminate/Container/BoundMethod.php(35): Illuminate\\Container\\BoundMethod::callBoundMethod(Object(Illuminate\\Foundation\\Application), Array, Object(Closure))
#24 /Users/xilolomacbook/Apps/Foodhunts-backend/vendor/laravel/framework/src/Illuminate/Container/Container.php(799): Illuminate\\Container\\BoundMethod::call(Object(Illuminate\\Foundation\\Application), Array, Array, NULL)
#25 /Users/xilolomacbook/Apps/Foodhunts-backend/vendor/laravel/framework/src/Illuminate/Console/Command.php(211): Illuminate\\Container\\Container->call(Array)
#26 /Users/xilolomacbook/Apps/Foodhunts-backend/vendor/symfony/console/Command/Command.php(341): Illuminate\\Console\\Command->execute(Object(Symfony\\Component\\Console\\Input\\ArgvInput), Object(Illuminate\\Console\\OutputStyle))
#27 /Users/xilolomacbook/Apps/Foodhunts-backend/vendor/laravel/framework/src/Illuminate/Console/Command.php(180): Symfony\\Component\\Console\\Command\\Command->run(Object(Symfony\\Component\\Console\\Input\\ArgvInput), Object(Illuminate\\Console\\OutputStyle))
#28 /Users/xilolomacbook/Apps/Foodhunts-backend/vendor/symfony/console/Application.php(1117): Illuminate\\Console\\Command->run(Object(Symfony\\Component\\Console\\Input\\ArgvInput), Object(Symfony\\Component\\Console\\Output\\ConsoleOutput))
#29 /Users/xilolomacbook/Apps/Foodhunts-backend/vendor/symfony/console/Application.php(356): Symfony\\Component\\Console\\Application->doRunCommand(Object(Illuminate\\Database\\Console\\Migrations\\MigrateCommand), Object(Symfony\\Component\\Console\\Input\\ArgvInput), Object(Symfony\\Component\\Console\\Output\\ConsoleOutput))
#30 /Users/xilolomacbook/Apps/Foodhunts-backend/vendor/symfony/console/Application.php(195): Symfony\\Component\\Console\\Application->doRun(Object(Symfony\\Component\\Console\\Input\\ArgvInput), Object(Symfony\\Component\\Console\\Output\\ConsoleOutput))
#31 /Users/xilolomacbook/Apps/Foodhunts-backend/vendor/laravel/framework/src/Illuminate/Foundation/Console/Kernel.php(198): Symfony\\Component\\Console\\Application->run(Object(Symfony\\Component\\Console\\Input\\ArgvInput), Object(Symfony\\Component\\Console\\Output\\ConsoleOutput))
#32 /Users/xilolomacbook/Apps/Foodhunts-backend/artisan(12): Illuminate\\Foundation\\Console\\Kernel->handle(Object(Symfony\\Component\\Console\\Input\\ArgvInput), Object(Symfony\\Component\\Console\\Output\\ConsoleOutput))
#33 {main}
"} 
[2026-08-13 15:02:27] local.ERROR: SQLSTATE[42P01]: Undefined table: 7 ERROR:  relation "referrals" does not exist (Connection: pgsql, Host: 127.0.0.1, Port: 5432, Database: foodhunts, SQL: ALTER TABLE referrals ADD CONSTRAINT referrals_referrer_diff_referred CHECK (referrer_user_id <> referred_user_id)) {"exception":"[object] (Illuminate\\Database\\QueryException(code: 42P01): SQLSTATE[42P01]: Undefined table: 7 ERROR:  relation \"referrals\" does not exist (Connection: pgsql, Host: 127.0.0.1, Port: 5432, Database: foodhunts, SQL: ALTER TABLE referrals ADD CONSTRAINT referrals_referrer_diff_referred CHECK (referrer_user_id <> referred_user_id)) at /Users/xilolomacbook/Apps/Foodhunts-backend/vendor/laravel/framework/src/Illuminate/Database/Connection.php:838)
[stacktrace]
#0 /Users/xilolomacbook/Apps/Foodhunts-backend/vendor/laravel/framework/src/Illuminate/Database/Connection.php(794): Illuminate\\Database\\Connection->runQueryCallback('ALTER TABLE ref...', Array, Object(Closure))
#1 /Users/xilolomacbook/Apps/Foodhunts-backend/vendor/laravel/framework/src/Illuminate/Database/Connection.php(573): Illuminate\\Database\\Connection->run('ALTER TABLE ref...', Array, Object(Closure))
#2 /Users/xilolomacbook/Apps/Foodhunts-backend/vendor/laravel/framework/src/Illuminate/Database/DatabaseManager.php(491): Illuminate\\Database\\Connection->statement('ALTER TABLE ref...')
#3 /Users/xilolomacbook/Apps/Foodhunts-backend/vendor/laravel/framework/src/Illuminate/Support/Facades/Facade.php(363): Illuminate\\Database\\DatabaseManager->__call('statement', Array)
#4 /Users/xilolomacbook/Apps/Foodhunts-backend/database/migrations/2026_06_27_000004_create_referrals_table.php(21): Illuminate\\Support\\Facades\\Facade::__callStatic('statement', Array)
#5 /Users/xilolomacbook/Apps/Foodhunts-backend/vendor/laravel/framework/src/Illuminate/Database/Schema/Builder.php(509): Illuminate\\Database\\Migrations\\Migration@anonymous->{closure}(Object(Illuminate\\Database\\Schema\\Blueprint))
#6 /Users/xilolomacbook/Apps/Foodhunts-backend/vendor/laravel/framework/src/Illuminate/Support/helpers.php(393): Illuminate\\Database\\Schema\\Builder->Illuminate\\Database\\Schema\\{closure}(Object(Illuminate\\Database\\Schema\\Blueprint))
#7 /Users/xilolomacbook/Apps/Foodhunts-backend/vendor/laravel/framework/src/Illuminate/Database/Schema/Builder.php(506): tap(Object(Illuminate\\Database\\Schema\\Blueprint), Object(Closure))
#8 /Users/xilolomacbook/Apps/Foodhunts-backend/vendor/laravel/framework/src/Illuminate/Support/Facades/Facade.php(363): Illuminate\\Database\\Schema\\Builder->create('referrals', Object(Closure))
#9 /Users/xilolomacbook/Apps/Foodhunts-backend/database/migrations/2026_06_27_000004_create_referrals_table.php(11): Illuminate\\Support\\Facades\\Facade::__callStatic('create', Array)
#10 /Users/xilolomacbook/Apps/Foodhunts-backend/vendor/laravel/framework/src/Illuminate/Database/Migrations/Migrator.php(517): Illuminate\\Database\\Migrations\\Migration@anonymous->up()
#11 /Users/xilolomacbook/Apps/Foodhunts-backend/vendor/laravel/framework/src/Illuminate/Database/Migrations/Migrator.php(442): Illuminate\\Database\\Migrations\\Migrator->runMethod(Object(Illuminate\\Database\\PostgresConnection), Object(Illuminate\\Database\\Migrations\\Migration@anonymous), 'up')
#12 /Users/xilolomacbook/Apps/Foodhunts-backend/vendor/laravel/framework/src/Illuminate/Database/Concerns/ManagesTransactions.php(35): Illuminate\\Database\\Migrations\\Migrator->Illuminate\\Database\\Migrations\\{closure}(Object(Illuminate\\Database\\PostgresConnection))
#13 /Users/xilolomacbook/Apps/Foodhunts-backend/vendor/laravel/framework/src/Illuminate/Database/Migrations/Migrator.php(450): Illuminate\\Database\\Connection->transaction(Object(Closure))
#14 /Users/xilolomacbook/Apps/Foodhunts-backend/vendor/laravel/framework/src/Illuminate/Database/Migrations/Migrator.php(253): Illuminate\\Database\\Migrations\\Migrator->runMigration(Object(Illuminate\\Database\\Migrations\\Migration@anonymous), 'up')
#15 /Users/xilolomacbook/Apps/Foodhunts-backend/vendor/laravel/framework/src/Illuminate/Console/View/Components/Task.php(41): Illuminate\\Database\\Migrations\\Migrator->Illuminate\\Database\\Migrations\\{closure}()
#16 /Users/xilolomacbook/Apps/Foodhunts-backend/vendor/laravel/framework/src/Illuminate/Database/Migrations/Migrator.php(814): Illuminate\\Console\\View\\Components\\Task->render('2026_06_27_0000...', Object(Closure))
#17 /Users/xilolomacbook/Apps/Foodhunts-backend/vendor/laravel/framework/src/Illuminate/Database/Migrations/Migrator.php(253): Illuminate\\Database\\Migrations\\Migrator->write('Illuminate\\\\Cons...', '2026_06_27_0000...', Object(Closure))
#18 /Users/xilolomacbook/Apps/Foodhunts-backend/vendor/laravel/framework/src/Illuminate/Database/Migrations/Migrator.php(211): Illuminate\\Database\\Migrations\\Migrator->runUp('/Users/xiloloma...', 2, false)
#19 /Users/xilolomacbook/Apps/Foodhunts-backend/vendor/laravel/framework/src/Illuminate/Database/Migrations/Migrator.php(138): Illuminate\\Database\\Migrations\\Migrator->runPending(Array, Array)
#20 /Users/xilolomacbook/Apps/Foodhunts-backend/vendor/laravel/framework/src/Illuminate/Database/Console/Migrations/MigrateCommand.php(116): Illuminate\\Database\\Migrations\\Migrator->run(Array, Array)
#21 /Users/xilolomacbook/Apps/Foodhunts-backend/vendor/laravel/framework/src/Illuminate/Database/Migrations/Migrator.php(671): Illuminate\\Database\\Console\\Migrations\\MigrateCommand->Illuminate\\Database\\Console\\Migrations\\{closure}()
#22 /Users/xilolomacbook/Apps/Foodhunts-backend/vendor/laravel/framework/src/Illuminate/Database/Console/Migrations/MigrateCommand.php(109): Illuminate\\Database\\Migrations\\Migrator->usingConnection(NULL, Object(Closure))
#23 /Users/xilolomacbook/Apps/Foodhunts-backend/vendor/laravel/framework/src/Illuminate/Database/Console/Migrations/MigrateCommand.php(88): Illuminate\\Database\\Console\\Migrations\\MigrateCommand->runMigrations()
#24 /Users/xilolomacbook/Apps/Foodhunts-backend/vendor/laravel/framework/src/Illuminate/Container/BoundMethod.php(36): Illuminate\\Database\\Console\\Migrations\\MigrateCommand->handle()
#25 /Users/xilolomacbook/Apps/Foodhunts-backend/vendor/laravel/framework/src/Illuminate/Container/Util.php(43): Illuminate\\Container\\BoundMethod::Illuminate\\Container\\{closure}()
#26 /Users/xilolomacbook/Apps/Foodhunts-backend/vendor/laravel/framework/src/Illuminate/Container/BoundMethod.php(96): Illuminate\\Container\\Util::unwrapIfClosure(Object(Closure))
#27 /Users/xilolomacbook/Apps/Foodhunts-backend/vendor/laravel/framework/src/Illuminate/Container/BoundMethod.php(35): Illuminate\\Container\\BoundMethod::callBoundMethod(Object(Illuminate\\Foundation\\Application), Array, Object(Closure))
#28 /Users/xilolomacbook/Apps/Foodhunts-backend/vendor/laravel/framework/src/Illuminate/Container/Container.php(799): Illuminate\\Container\\BoundMethod::call(Object(Illuminate\\Foundation\\Application), Array, Array, NULL)
#29 /Users/xilolomacbook/Apps/Foodhunts-backend/vendor/laravel/framework/src/Illuminate/Console/Command.php(211): Illuminate\\Container\\Container->call(Array)
#30 /Users/xilolomacbook/Apps/Foodhunts-backend/vendor/symfony/console/Command/Command.php(341): Illuminate\\Console\\Command->execute(Object(Symfony\\Component\\Console\\Input\\ArgvInput), Object(Illuminate\\Console\\OutputStyle))
#31 /Users/xilolomacbook/Apps/Foodhunts-backend/vendor/laravel/framework/src/Illuminate/Console/Command.php(180): Symfony\\Component\\Console\\Command\\Command->run(Object(Symfony\\Component\\Console\\Input\\ArgvInput), Object(Illuminate\\Console\\OutputStyle))
#32 /Users/xilolomacbook/Apps/Foodhunts-backend/vendor/symfony/console/Application.php(1117): Illuminate\\Console\\Command->run(Object(Symfony\\Component\\Console\\Input\\ArgvInput), Object(Symfony\\Component\\Console\\Output\\ConsoleOutput))
#33 /Users/xilolomacbook/Apps/Foodhunts-backend/vendor/symfony/console/Application.php(356): Symfony\\Component\\Console\\Application->doRunCommand(Object(Illuminate\\Database\\Console\\Migrations\\MigrateCommand), Object(Symfony\\Component\\Console\\Input\\ArgvInput), Object(Symfony\\Component\\Console\\Output\\ConsoleOutput))
#34 /Users/xilolomacbook/Apps/Foodhunts-backend/vendor/symfony/console/Application.php(195): Symfony\\Component\\Console\\Application->doRun(Object(Symfony\\Component\\Console\\Input\\ArgvInput), Object(Symfony\\Component\\Console\\Output\\ConsoleOutput))
#35 /Users/xilolomacbook/Apps/Foodhunts-backend/vendor/laravel/framework/src/Illuminate/Foundation/Console/Kernel.php(198): Symfony\\Component\\Console\\Application->run(Object(Symfony\\Component\\Console\\Input\\ArgvInput), Object(Symfony\\Component\\Console\\Output\\ConsoleOutput))
#36 /Users/xilolomacbook/Apps/Foodhunts-backend/artisan(12): Illuminate\\Foundation\\Console\\Kernel->handle(Object(Symfony\\Component\\Console\\Input\\ArgvInput), Object(Symfony\\Component\\Console\\Output\\ConsoleOutput))
#37 {main}

[previous exception] [object] (PDOException(code: 42P01): SQLSTATE[42P01]: Undefined table: 7 ERROR:  relation \"referrals\" does not exist at /Users/xilolomacbook/Apps/Foodhunts-backend/vendor/laravel/framework/src/Illuminate/Database/Connection.php:584)
[stacktrace]
#0 /Users/xilolomacbook/Apps/Foodhunts-backend/vendor/laravel/framework/src/Illuminate/Database/Connection.php(584): PDOStatement->execute()
#1 /Users/xilolomacbook/Apps/Foodhunts-backend/vendor/laravel/framework/src/Illuminate/Database/Connection.php(827): Illuminate\\Database\\Connection->Illuminate\\Database\\{closure}('ALTER TABLE ref...', Array)
#2 /Users/xilolomacbook/Apps/Foodhunts-backend/vendor/laravel/framework/src/Illuminate/Database/Connection.php(794): Illuminate\\Database\\Connection->runQueryCallback('ALTER TABLE ref...', Array, Object(Closure))
#3 /Users/xilolomacbook/Apps/Foodhunts-backend/vendor/laravel/framework/src/Illuminate/Database/Connection.php(573): Illuminate\\Database\\Connection->run('ALTER TABLE ref...', Array, Object(Closure))
#4 /Users/xilolomacbook/Apps/Foodhunts-backend/vendor/laravel/framework/src/Illuminate/Database/DatabaseManager.php(491): Illuminate\\Database\\Connection->statement('ALTER TABLE ref...')
#5 /Users/xilolomacbook/Apps/Foodhunts-backend/vendor/laravel/framework/src/Illuminate/Support/Facades/Facade.php(363): Illuminate\\Database\\DatabaseManager->__call('statement', Array)
#6 /Users/xilolomacbook/Apps/Foodhunts-backend/database/migrations/2026_06_27_000004_create_referrals_table.php(21): Illuminate\\Support\\Facades\\Facade::__callStatic('statement', Array)
#7 /Users/xilolomacbook/Apps/Foodhunts-backend/vendor/laravel/framework/src/Illuminate/Database/Schema/Builder.php(509): Illuminate\\Database\\Migrations\\Migration@anonymous->{closure}(Object(Illuminate\\Database\\Schema\\Blueprint))
#8 /Users/xilolomacbook/Apps/Foodhunts-backend/vendor/laravel/framework/src/Illuminate/Support/helpers.php(393): Illuminate\\Database\\Schema\\Builder->Illuminate\\Database\\Schema\\{closure}(Object(Illuminate\\Database\\Schema\\Blueprint))
#9 /Users/xilolomacbook/Apps/Foodhunts-backend/vendor/laravel/framework/src/Illuminate/Database/Schema/Builder.php(506): tap(Object(Illuminate\\Database\\Schema\\Blueprint), Object(Closure))
#10 /Users/xilolomacbook/Apps/Foodhunts-backend/vendor/laravel/framework/src/Illuminate/Support/Facades/Facade.php(363): Illuminate\\Database\\Schema\\Builder->create('referrals', Object(Closure))
#11 /Users/xilolomacbook/Apps/Foodhunts-backend/database/migrations/2026_06_27_000004_create_referrals_table.php(11): Illuminate\\Support\\Facades\\Facade::__callStatic('create', Array)
#12 /Users/xilolomacbook/Apps/Foodhunts-backend/vendor/laravel/framework/src/Illuminate/Database/Migrations/Migrator.php(517): Illuminate\\Database\\Migrations\\Migration@anonymous->up()
#13 /Users/xilolomacbook/Apps/Foodhunts-backend/vendor/laravel/framework/src/Illuminate/Database/Migrations/Migrator.php(442): Illuminate\\Database\\Migrations\\Migrator->runMethod(Object(Illuminate\\Database\\PostgresConnection), Object(Illuminate\\Database\\Migrations\\Migration@anonymous), 'up')
#14 /Users/xilolomacbook/Apps/Foodhunts-backend/vendor/laravel/framework/src/Illuminate/Database/Concerns/ManagesTransactions.php(35): Illuminate\\Database\\Migrations\\Migrator->Illuminate\\Database\\Migrations\\{closure}(Object(Illuminate\\Database\\PostgresConnection))
#15 /Users/xilolomacbook/Apps/Foodhunts-backend/vendor/laravel/framework/src/Illuminate/Database/Migrations/Migrator.php(450): Illuminate\\Database\\Connection->transaction(Object(Closure))
#16 /Users/xilolomacbook/Apps/Foodhunts-backend/vendor/laravel/framework/src/Illuminate/Database/Migrations/Migrator.php(253): Illuminate\\Database\\Migrations\\Migrator->runMigration(Object(Illuminate\\Database\\Migrations\\Migration@anonymous), 'up')
#17 /Users/xilolomacbook/Apps/Foodhunts-backend/vendor/laravel/framework/src/Illuminate/Console/View/Components/Task.php(41): Illuminate\\Database\\Migrations\\Migrator->Illuminate\\Database\\Migrations\\{closure}()
#18 /Users/xilolomacbook/Apps/Foodhunts-backend/vendor/laravel/framework/src/Illuminate/Database/Migrations/Migrator.php(814): Illuminate\\Console\\View\\Components\\Task->render('2026_06_27_0000...', Object(Closure))
#19 /Users/xilolomacbook/Apps/Foodhunts-backend/vendor/laravel/framework/src/Illuminate/Database/Migrations/Migrator.php(253): Illuminate\\Database\\Migrations\\Migrator->write('Illuminate\\\\Cons...', '2026_06_27_0000...', Object(Closure))
#20 /Users/xilolomacbook/Apps/Foodhunts-backend/vendor/laravel/framework/src/Illuminate/Database/Migrations/Migrator.php(211): Illuminate\\Database\\Migrations\\Migrator->runUp('/Users/xiloloma...', 2, false)
#21 /Users/xilolomacbook/Apps/Foodhunts-backend/vendor/laravel/framework/src/Illuminate/Database/Migrations/Migrator.php(138): Illuminate\\Database\\Migrations\\Migrator->runPending(Array, Array)
#22 /Users/xilolomacbook/Apps/Foodhunts-backend/vendor/laravel/framework/src/Illuminate/Database/Console/Migrations/MigrateCommand.php(116): Illuminate\\Database\\Migrations\\Migrator->run(Array, Array)
#23 /Users/xilolomacbook/Apps/Foodhunts-backend/vendor/laravel/framework/src/Illuminate/Database/Migrations/Migrator.php(671): Illuminate\\Database\\Console\\Migrations\\MigrateCommand->Illuminate\\Database\\Console\\Migrations\\{closure}()
#24 /Users/xilolomacbook/Apps/Foodhunts-backend/vendor/laravel/framework/src/Illuminate/Database/Console/Migrations/MigrateCommand.php(109): Illuminate\\Database\\Migrations\\Migrator->usingConnection(NULL, Object(Closure))
#25 /Users/xilolomacbook/Apps/Foodhunts-backend/vendor/laravel/framework/src/Illuminate/Database/Console/Migrations/MigrateCommand.php(88): Illuminate\\Database\\Console\\Migrations\\MigrateCommand->runMigrations()
#26 /Users/xilolomacbook/Apps/Foodhunts-backend/vendor/laravel/framework/src/Illuminate/Container/BoundMethod.php(36): Illuminate\\Database\\Console\\Migrations\\MigrateCommand->handle()
#27 /Users/xilolomacbook/Apps/Foodhunts-backend/vendor/laravel/framework/src/Illuminate/Container/Util.php(43): Illuminate\\Container\\BoundMethod::Illuminate\\Container\\{closure}()
#28 /Users/xilolomacbook/Apps/Foodhunts-backend/vendor/laravel/framework/src/Illuminate/Container/BoundMethod.php(96): Illuminate\\Container\\Util::unwrapIfClosure(Object(Closure))
#29 /Users/xilolomacbook/Apps/Foodhunts-backend/vendor/laravel/framework/src/Illuminate/Container/BoundMethod.php(35): Illuminate\\Container\\BoundMethod::callBoundMethod(Object(Illuminate\\Foundation\\Application), Array, Object(Closure))
#30 /Users/xilolomacbook/Apps/Foodhunts-backend/vendor/laravel/framework/src/Illuminate/Container/Container.php(799): Illuminate\\Container\\BoundMethod::call(Object(Illuminate\\Foundation\\Application), Array, Array, NULL)
#31 /Users/xilolomacbook/Apps/Foodhunts-backend/vendor/laravel/framework/src/Illuminate/Console/Command.php(211): Illuminate\\Container\\Container->call(Array)
#32 /Users/xilolomacbook/Apps/Foodhunts-backend/vendor/symfony/console/Command/Command.php(341): Illuminate\\Console\\Command->execute(Object(Symfony\\Component\\Console\\Input\\ArgvInput), Object(Illuminate\\Console\\OutputStyle))
#33 /Users/xilolomacbook/Apps/Foodhunts-backend/vendor/laravel/framework/src/Illuminate/Console/Command.php(180): Symfony\\Component\\Console\\Command\\Command->run(Object(Symfony\\Component\\Console\\Input\\ArgvInput), Object(Illuminate\\Console\\OutputStyle))
#34 /Users/xilolomacbook/Apps/Foodhunts-backend/vendor/symfony/console/Application.php(1117): Illuminate\\Console\\Command->run(Object(Symfony\\Component\\Console\\Input\\ArgvInput), Object(Symfony\\Component\\Console\\Output\\ConsoleOutput))
#35 /Users/xilolomacbook/Apps/Foodhunts-backend/vendor/symfony/console/Application.php(356): Symfony\\Component\\Console\\Application->doRunCommand(Object(Illuminate\\Database\\Console\\Migrations\\MigrateCommand), Object(Symfony\\Component\\Console\\Input\\ArgvInput), Object(Symfony\\Component\\Console\\Output\\ConsoleOutput))
#36 /Users/xilolomacbook/Apps/Foodhunts-backend/vendor/symfony/console/Application.php(195): Symfony\\Component\\Console\\Application->doRun(Object(Symfony\\Component\\Console\\Input\\ArgvInput), Object(Symfony\\Component\\Console\\Output\\ConsoleOutput))
#37 /Users/xilolomacbook/Apps/Foodhunts-backend/vendor/laravel/framework/src/Illuminate/Foundation/Console/Kernel.php(198): Symfony\\Component\\Console\\Application->run(Object(Symfony\\Component\\Console\\Input\\ArgvInput), Object(Symfony\\Component\\Console\\Output\\ConsoleOutput))
#38 /Users/xilolomacbook/Apps/Foodhunts-backend/artisan(12): Illuminate\\Foundation\\Console\\Kernel->handle(Object(Symfony\\Component\\Console\\Input\\ArgvInput), Object(Symfony\\Component\\Console\\Output\\ConsoleOutput))
#39 {main}
"} 
[2026-08-13 15:03:22] local.ERROR: SQLSTATE[23502]: Not null violation: 7 ERROR:  null value in column "phone" of relation "users" violates not-null constraint
DETAIL:  Failing row contains (019ffb6f-4852-718c-8579-2f9a8e854a2d, Smoke Rider, null, null, smoke_a3cb9be2@test.dev, null, customer, null, $2y$12$hQ5W9uPl8CbEBInKuO6rvOmkRKZO8kQu0vHhE1FdmY/oDIwlPFEjC, null, 2026-08-13 15:03:22, 2026-08-13 15:03:22, FHXRAX3A, null, null). (Connection: pgsql, Host: 127.0.0.1, Port: 5432, Database: foodhunts, SQL: insert into "users" ("name", "email", "password", "role", "id", "referral_code", "updated_at", "created_at") values (Smoke Rider, smoke_a3cb9be2@test.dev, $2y$12$hQ5W9uPl8CbEBInKuO6rvOmkRKZO8kQu0vHhE1FdmY/oDIwlPFEjC, customer, 019ffb6f-4852-718c-8579-2f9a8e854a2d, FHXRAX3A, 2026-08-13 15:03:22, 2026-08-13 15:03:22)) {"exception":"[object] (Illuminate\\Database\\QueryException(code: 23502): SQLSTATE[23502]: Not null violation: 7 ERROR:  null value in column \"phone\" of relation \"users\" violates not-null constraint
DETAIL:  Failing row contains (019ffb6f-4852-718c-8579-2f9a8e854a2d, Smoke Rider, null, null, smoke_a3cb9be2@test.dev, null, customer, null, $2y$12$hQ5W9uPl8CbEBInKuO6rvOmkRKZO8kQu0vHhE1FdmY/oDIwlPFEjC, null, 2026-08-13 15:03:22, 2026-08-13 15:03:22, FHXRAX3A, null, null). (Connection: pgsql, Host: 127.0.0.1, Port: 5432, Database: foodhunts, SQL: insert into \"users\" (\"name\", \"email\", \"password\", \"role\", \"id\", \"referral_code\", \"updated_at\", \"created_at\") values (Smoke Rider, smoke_a3cb9be2@test.dev, $2y$12$hQ5W9uPl8CbEBInKuO6rvOmkRKZO8kQu0vHhE1FdmY/oDIwlPFEjC, customer, 019ffb6f-4852-718c-8579-2f9a8e854a2d, FHXRAX3A, 2026-08-13 15:03:22, 2026-08-13 15:03:22)) at /Users/xilolomacbook/Apps/Foodhunts-backend/vendor/laravel/framework/src/Illuminate/Database/Connection.php:838)
[stacktrace]
#0 /Users/xilolomacbook/Apps/Foodhunts-backend/vendor/laravel/framework/src/Illuminate/Database/Connection.php(794): Illuminate\\Database\\Connection->runQueryCallback('insert into \"us...', Array, Object(Closure))
#1 /Users/xilolomacbook/Apps/Foodhunts-backend/vendor/laravel/framework/src/Illuminate/Database/Connection.php(573): Illuminate\\Database\\Connection->run('insert into \"us...', Array, Object(Closure))
#2 /Users/xilolomacbook/Apps/Foodhunts-backend/vendor/laravel/framework/src/Illuminate/Database/Connection.php(537): Illuminate\\Database\\Connection->statement('insert into \"us...', Array)
#3 /Users/xilolomacbook/Apps/Foodhunts-backend/vendor/laravel/framework/src/Illuminate/Database/Query/Builder.php(4121): Illuminate\\Database\\Connection->insert('insert into \"us...', Array)
#4 /Users/xilolomacbook/Apps/Foodhunts-backend/vendor/laravel/framework/src/Illuminate/Database/Eloquent/Builder.php(2237): Illuminate\\Database\\Query\\Builder->insert(Array)
#5 /Users/xilolomacbook/Apps/Foodhunts-backend/vendor/laravel/framework/src/Illuminate/Database/Eloquent/Model.php(1412): Illuminate\\Database\\Eloquent\\Builder->__call('insert', Array)
#6 /Users/xilolomacbook/Apps/Foodhunts-backend/vendor/laravel/framework/src/Illuminate/Database/Eloquent/Model.php(1240): Illuminate\\Database\\Eloquent\\Model->performInsert(Object(Illuminate\\Database\\Eloquent\\Builder))
#7 /Users/xilolomacbook/Apps/Foodhunts-backend/vendor/laravel/framework/src/Illuminate/Database/Eloquent/Builder.php(1219): Illuminate\\Database\\Eloquent\\Model->save()
#8 /Users/xilolomacbook/Apps/Foodhunts-backend/vendor/laravel/framework/src/Illuminate/Support/helpers.php(393): Illuminate\\Database\\Eloquent\\Builder->Illuminate\\Database\\Eloquent\\{closure}(Object(App\\Models\\User))
#9 /Users/xilolomacbook/Apps/Foodhunts-backend/vendor/laravel/framework/src/Illuminate/Database/Eloquent/Builder.php(1218): tap(Object(App\\Models\\User), Object(Closure))
#10 /Users/xilolomacbook/Apps/Foodhunts-backend/vendor/laravel/framework/src/Illuminate/Support/Traits/ForwardsCalls.php(23): Illuminate\\Database\\Eloquent\\Builder->create(Array)
#11 /Users/xilolomacbook/Apps/Foodhunts-backend/vendor/laravel/framework/src/Illuminate/Database/Eloquent/Model.php(2544): Illuminate\\Database\\Eloquent\\Model->forwardCallTo(Object(Illuminate\\Database\\Eloquent\\Builder), 'create', Array)
#12 /Users/xilolomacbook/Apps/Foodhunts-backend/vendor/laravel/framework/src/Illuminate/Database/Eloquent/Model.php(2560): Illuminate\\Database\\Eloquent\\Model->__call('create', Array)
#13 /Users/xilolomacbook/Apps/Foodhunts-backend/smoke_rider_flow.php(27): Illuminate\\Database\\Eloquent\\Model::__callStatic('create', Array)
#14 {main}

[previous exception] [object] (PDOException(code: 23502): SQLSTATE[23502]: Not null violation: 7 ERROR:  null value in column \"phone\" of relation \"users\" violates not-null constraint
DETAIL:  Failing row contains (019ffb6f-4852-718c-8579-2f9a8e854a2d, Smoke Rider, null, null, smoke_a3cb9be2@test.dev, null, customer, null, $2y$12$hQ5W9uPl8CbEBInKuO6rvOmkRKZO8kQu0vHhE1FdmY/oDIwlPFEjC, null, 2026-08-13 15:03:22, 2026-08-13 15:03:22, FHXRAX3A, null, null). at /Users/xilolomacbook/Apps/Foodhunts-backend/vendor/laravel/framework/src/Illuminate/Database/Connection.php:584)
[stacktrace]
#0 /Users/xilolomacbook/Apps/Foodhunts-backend/vendor/laravel/framework/src/Illuminate/Database/Connection.php(584): PDOStatement->execute()
#1 /Users/xilolomacbook/Apps/Foodhunts-backend/vendor/laravel/framework/src/Illuminate/Database/Connection.php(827): Illuminate\\Database\\Connection->Illuminate\\Database\\{closure}('insert into \"us...', Array)
#2 /Users/xilolomacbook/Apps/Foodhunts-backend/vendor/laravel/framework/src/Illuminate/Database/Connection.php(794): Illuminate\\Database\\Connection->runQueryCallback('insert into \"us...', Array, Object(Closure))
#3 /Users/xilolomacbook/Apps/Foodhunts-backend/vendor/laravel/framework/src/Illuminate/Database/Connection.php(573): Illuminate\\Database\\Connection->run('insert into \"us...', Array, Object(Closure))
#4 /Users/xilolomacbook/Apps/Foodhunts-backend/vendor/laravel/framework/src/Illuminate/Database/Connection.php(537): Illuminate\\Database\\Connection->statement('insert into \"us...', Array)
#5 /Users/xilolomacbook/Apps/Foodhunts-backend/vendor/laravel/framework/src/Illuminate/Database/Query/Builder.php(4121): Illuminate\\Database\\Connection->insert('insert into \"us...', Array)
#6 /Users/xilolomacbook/Apps/Foodhunts-backend/vendor/laravel/framework/src/Illuminate/Database/Eloquent/Builder.php(2237): Illuminate\\Database\\Query\\Builder->insert(Array)
#7 /Users/xilolomacbook/Apps/Foodhunts-backend/vendor/laravel/framework/src/Illuminate/Database/Eloquent/Model.php(1412): Illuminate\\Database\\Eloquent\\Builder->__call('insert', Array)
#8 /Users/xilolomacbook/Apps/Foodhunts-backend/vendor/laravel/framework/src/Illuminate/Database/Eloquent/Model.php(1240): Illuminate\\Database\\Eloquent\\Model->performInsert(Object(Illuminate\\Database\\Eloquent\\Builder))
#9 /Users/xilolomacbook/Apps/Foodhunts-backend/vendor/laravel/framework/src/Illuminate/Database/Eloquent/Builder.php(1219): Illuminate\\Database\\Eloquent\\Model->save()
#10 /Users/xilolomacbook/Apps/Foodhunts-backend/vendor/laravel/framework/src/Illuminate/Support/helpers.php(393): Illuminate\\Database\\Eloquent\\Builder->Illuminate\\Database\\Eloquent\\{closure}(Object(App\\Models\\User))
#11 /Users/xilolomacbook/Apps/Foodhunts-backend/vendor/laravel/framework/src/Illuminate/Database/Eloquent/Builder.php(1218): tap(Object(App\\Models\\User), Object(Closure))
#12 /Users/xilolomacbook/Apps/Foodhunts-backend/vendor/laravel/framework/src/Illuminate/Support/Traits/ForwardsCalls.php(23): Illuminate\\Database\\Eloquent\\Builder->create(Array)
#13 /Users/xilolomacbook/Apps/Foodhunts-backend/vendor/laravel/framework/src/Illuminate/Database/Eloquent/Model.php(2544): Illuminate\\Database\\Eloquent\\Model->forwardCallTo(Object(Illuminate\\Database\\Eloquent\\Builder), 'create', Array)
#14 /Users/xilolomacbook/Apps/Foodhunts-backend/vendor/laravel/framework/src/Illuminate/Database/Eloquent/Model.php(2560): Illuminate\\Database\\Eloquent\\Model->__call('create', Array)
#15 /Users/xilolomacbook/Apps/Foodhunts-backend/smoke_rider_flow.php(27): Illuminate\\Database\\Eloquent\\Model::__callStatic('create', Array)
#16 {main}
"} 
[2026-08-13 15:03:29] local.ERROR: SQLSTATE[23502]: Not null violation: 7 ERROR:  null value in column "phone" of relation "users" violates not-null constraint
DETAIL:  Failing row contains (019ffb6f-65ed-7355-87d9-c69fa4b75361, Smoke Rider, null, null, smoke_35a8bac7@test.dev, null, customer, null, $2y$12$.fqxMi.UsOdH0tR8BlHynOKxRFVmEDeePIT8vGiNBXm0NQMnAyJMC, null, 2026-08-13 15:03:29, 2026-08-13 15:03:29, FHXYVZW5, null, null). (Connection: pgsql, Host: 127.0.0.1, Port: 5432, Database: foodhunts, SQL: insert into "users" ("name", "email", "password", "role", "id", "referral_code", "updated_at", "created_at") values (Smoke Rider, smoke_35a8bac7@test.dev, $2y$12$.fqxMi.UsOdH0tR8BlHynOKxRFVmEDeePIT8vGiNBXm0NQMnAyJMC, customer, 019ffb6f-65ed-7355-87d9-c69fa4b75361, FHXYVZW5, 2026-08-13 15:03:29, 2026-08-13 15:03:29)) {"exception":"[object] (Illuminate\\Database\\QueryException(code: 23502): SQLSTATE[23502]: Not null violation: 7 ERROR:  null value in column \"phone\" of relation \"users\" violates not-null constraint
DETAIL:  Failing row contains (019ffb6f-65ed-7355-87d9-c69fa4b75361, Smoke Rider, null, null, smoke_35a8bac7@test.dev, null, customer, null, $2y$12$.fqxMi.UsOdH0tR8BlHynOKxRFVmEDeePIT8vGiNBXm0NQMnAyJMC, null, 2026-08-13 15:03:29, 2026-08-13 15:03:29, FHXYVZW5, null, null). (Connection: pgsql, Host: 127.0.0.1, Port: 5432, Database: foodhunts, SQL: insert into \"users\" (\"name\", \"email\", \"password\", \"role\", \"id\", \"referral_code\", \"updated_at\", \"created_at\") values (Smoke Rider, smoke_35a8bac7@test.dev, $2y$12$.fqxMi.UsOdH0tR8BlHynOKxRFVmEDeePIT8vGiNBXm0NQMnAyJMC, customer, 019ffb6f-65ed-7355-87d9-c69fa4b75361, FHXYVZW5, 2026-08-13 15:03:29, 2026-08-13 15:03:29)) at /Users/xilolomacbook/Apps/Foodhunts-backend/vendor/laravel/framework/src/Illuminate/Database/Connection.php:838)
[stacktrace]
#0 /Users/xilolomacbook/Apps/Foodhunts-backend/vendor/laravel/framework/src/Illuminate/Database/Connection.php(794): Illuminate\\Database\\Connection->runQueryCallback('insert into \"us...', Array, Object(Closure))
#1 /Users/xilolomacbook/Apps/Foodhunts-backend/vendor/laravel/framework/src/Illuminate/Database/Connection.php(573): Illuminate\\Database\\Connection->run('insert into \"us...', Array, Object(Closure))
#2 /Users/xilolomacbook/Apps/Foodhunts-backend/vendor/laravel/framework/src/Illuminate/Database/Connection.php(537): Illuminate\\Database\\Connection->statement('insert into \"us...', Array)
#3 /Users/xilolomacbook/Apps/Foodhunts-backend/vendor/laravel/framework/src/Illuminate/Database/Query/Builder.php(4121): Illuminate\\Database\\Connection->insert('insert into \"us...', Array)
#4 /Users/xilolomacbook/Apps/Foodhunts-backend/vendor/laravel/framework/src/Illuminate/Database/Eloquent/Builder.php(2237): Illuminate\\Database\\Query\\Builder->insert(Array)
#5 /Users/xilolomacbook/Apps/Foodhunts-backend/vendor/laravel/framework/src/Illuminate/Database/Eloquent/Model.php(1412): Illuminate\\Database\\Eloquent\\Builder->__call('insert', Array)
#6 /Users/xilolomacbook/Apps/Foodhunts-backend/vendor/laravel/framework/src/Illuminate/Database/Eloquent/Model.php(1240): Illuminate\\Database\\Eloquent\\Model->performInsert(Object(Illuminate\\Database\\Eloquent\\Builder))
#7 /Users/xilolomacbook/Apps/Foodhunts-backend/vendor/laravel/framework/src/Illuminate/Database/Eloquent/Builder.php(1219): Illuminate\\Database\\Eloquent\\Model->save()
#8 /Users/xilolomacbook/Apps/Foodhunts-backend/vendor/laravel/framework/src/Illuminate/Support/helpers.php(393): Illuminate\\Database\\Eloquent\\Builder->Illuminate\\Database\\Eloquent\\{closure}(Object(App\\Models\\User))
#9 /Users/xilolomacbook/Apps/Foodhunts-backend/vendor/laravel/framework/src/Illuminate/Database/Eloquent/Builder.php(1218): tap(Object(App\\Models\\User), Object(Closure))
#10 /Users/xilolomacbook/Apps/Foodhunts-backend/vendor/laravel/framework/src/Illuminate/Support/Traits/ForwardsCalls.php(23): Illuminate\\Database\\Eloquent\\Builder->create(Array)
#11 /Users/xilolomacbook/Apps/Foodhunts-backend/vendor/laravel/framework/src/Illuminate/Database/Eloquent/Model.php(2544): Illuminate\\Database\\Eloquent\\Model->forwardCallTo(Object(Illuminate\\Database\\Eloquent\\Builder), 'create', Array)
#12 /Users/xilolomacbook/Apps/Foodhunts-backend/vendor/laravel/framework/src/Illuminate/Database/Eloquent/Model.php(2560): Illuminate\\Database\\Eloquent\\Model->__call('create', Array)
#13 /Users/xilolomacbook/Apps/Foodhunts-backend/smoke_rider_flow.php(27): Illuminate\\Database\\Eloquent\\Model::__callStatic('create', Array)
#14 {main}

[previous exception] [object] (PDOException(code: 23502): SQLSTATE[23502]: Not null violation: 7 ERROR:  null value in column \"phone\" of relation \"users\" violates not-null constraint
DETAIL:  Failing row contains (019ffb6f-65ed-7355-87d9-c69fa4b75361, Smoke Rider, null, null, smoke_35a8bac7@test.dev, null, customer, null, $2y$12$.fqxMi.UsOdH0tR8BlHynOKxRFVmEDeePIT8vGiNBXm0NQMnAyJMC, null, 2026-08-13 15:03:29, 2026-08-13 15:03:29, FHXYVZW5, null, null). at /Users/xilolomacbook/Apps/Foodhunts-backend/vendor/laravel/framework/src/Illuminate/Database/Connection.php:584)
[stacktrace]
#0 /Users/xilolomacbook/Apps/Foodhunts-backend/vendor/laravel/framework/src/Illuminate/Database/Connection.php(584): PDOStatement->execute()
#1 /Users/xilolomacbook/Apps/Foodhunts-backend/vendor/laravel/framework/src/Illuminate/Database/Connection.php(827): Illuminate\\Database\\Connection->Illuminate\\Database\\{closure}('insert into \"us...', Array)
#2 /Users/xilolomacbook/Apps/Foodhunts-backend/vendor/laravel/framework/src/Illuminate/Database/Connection.php(794): Illuminate\\Database\\Connection->runQueryCallback('insert into \"us...', Array, Object(Closure))
#3 /Users/xilolomacbook/Apps/Foodhunts-backend/vendor/laravel/framework/src/Illuminate/Database/Connection.php(573): Illuminate\\Database\\Connection->run('insert into \"us...', Array, Object(Closure))
#4 /Users/xilolomacbook/Apps/Foodhunts-backend/vendor/laravel/framework/src/Illuminate/Database/Connection.php(537): Illuminate\\Database\\Connection->statement('insert into \"us...', Array)
#5 /Users/xilolomacbook/Apps/Foodhunts-backend/vendor/laravel/framework/src/Illuminate/Database/Query/Builder.php(4121): Illuminate\\Database\\Connection->insert('insert into \"us...', Array)
#6 /Users/xilolomacbook/Apps/Foodhunts-backend/vendor/laravel/framework/src/Illuminate/Database/Eloquent/Builder.php(2237): Illuminate\\Database\\Query\\Builder->insert(Array)
#7 /Users/xilolomacbook/Apps/Foodhunts-backend/vendor/laravel/framework/src/Illuminate/Database/Eloquent/Model.php(1412): Illuminate\\Database\\Eloquent\\Builder->__call('insert', Array)
#8 /Users/xilolomacbook/Apps/Foodhunts-backend/vendor/laravel/framework/src/Illuminate/Database/Eloquent/Model.php(1240): Illuminate\\Database\\Eloquent\\Model->performInsert(Object(Illuminate\\Database\\Eloquent\\Builder))
#9 /Users/xilolomacbook/Apps/Foodhunts-backend/vendor/laravel/framework/src/Illuminate/Database/Eloquent/Builder.php(1219): Illuminate\\Database\\Eloquent\\Model->save()
#10 /Users/xilolomacbook/Apps/Foodhunts-backend/vendor/laravel/framework/src/Illuminate/Support/helpers.php(393): Illuminate\\Database\\Eloquent\\Builder->Illuminate\\Database\\Eloquent\\{closure}(Object(App\\Models\\User))
#11 /Users/xilolomacbook/Apps/Foodhunts-backend/vendor/laravel/framework/src/Illuminate/Database/Eloquent/Builder.php(1218): tap(Object(App\\Models\\User), Object(Closure))
#12 /Users/xilolomacbook/Apps/Foodhunts-backend/vendor/laravel/framework/src/Illuminate/Support/Traits/ForwardsCalls.php(23): Illuminate\\Database\\Eloquent\\Builder->create(Array)
#13 /Users/xilolomacbook/Apps/Foodhunts-backend/vendor/laravel/framework/src/Illuminate/Database/Eloquent/Model.php(2544): Illuminate\\Database\\Eloquent\\Model->forwardCallTo(Object(Illuminate\\Database\\Eloquent\\Builder), 'create', Array)
#14 /Users/xilolomacbook/Apps/Foodhunts-backend/vendor/laravel/framework/src/Illuminate/Database/Eloquent/Model.php(2560): Illuminate\\Database\\Eloquent\\Model->__call('create', Array)
#15 /Users/xilolomacbook/Apps/Foodhunts-backend/smoke_rider_flow.php(27): Illuminate\\Database\\Eloquent\\Model::__callStatic('create', Array)
#16 {main}
"} 
[2026-08-13 15:03:58] local.ERROR: SQLSTATE[23502]: Not null violation: 7 ERROR:  null value in column "is_online" of relation "riders" violates not-null constraint
DETAIL:  Failing row contains (019ffb6f-d6e3-71a4-a1bf-6b301357fec9, 019ffb6f-d6b5-703c-b1e2-15b642bfb156, motorcycle, SMK-001, approved, null, null, null, null, null, 0.00, 2026-08-13 15:03:58, 2026-08-13 15:03:58, null). (Connection: pgsql, Host: 127.0.0.1, Port: 5432, Database: foodhunts, SQL: update "riders" set "kyc_status" = approved, "kyc_reviewer_note" = ?, "is_online" = ?, "updated_at" = 2026-08-13 15:03:58 where "id" = 019ffb6f-d6e3-71a4-a1bf-6b301357fec9) {"exception":"[object] (Illuminate\\Database\\QueryException(code: 23502): SQLSTATE[23502]: Not null violation: 7 ERROR:  null value in column \"is_online\" of relation \"riders\" violates not-null constraint
DETAIL:  Failing row contains (019ffb6f-d6e3-71a4-a1bf-6b301357fec9, 019ffb6f-d6b5-703c-b1e2-15b642bfb156, motorcycle, SMK-001, approved, null, null, null, null, null, 0.00, 2026-08-13 15:03:58, 2026-08-13 15:03:58, null). (Connection: pgsql, Host: 127.0.0.1, Port: 5432, Database: foodhunts, SQL: update \"riders\" set \"kyc_status\" = approved, \"kyc_reviewer_note\" = ?, \"is_online\" = ?, \"updated_at\" = 2026-08-13 15:03:58 where \"id\" = 019ffb6f-d6e3-71a4-a1bf-6b301357fec9) at /Users/xilolomacbook/Apps/Foodhunts-backend/vendor/laravel/framework/src/Illuminate/Database/Connection.php:838)
[stacktrace]
#0 /Users/xilolomacbook/Apps/Foodhunts-backend/vendor/laravel/framework/src/Illuminate/Database/Connection.php(794): Illuminate\\Database\\Connection->runQueryCallback('update \"riders\"...', Array, Object(Closure))
#1 /Users/xilolomacbook/Apps/Foodhunts-backend/vendor/laravel/framework/src/Illuminate/Database/Connection.php(597): Illuminate\\Database\\Connection->run('update \"riders\"...', Array, Object(Closure))
#2 /Users/xilolomacbook/Apps/Foodhunts-backend/vendor/laravel/framework/src/Illuminate/Database/Connection.php(549): Illuminate\\Database\\Connection->affectingStatement('update \"riders\"...', Array)
#3 /Users/xilolomacbook/Apps/Foodhunts-backend/vendor/laravel/framework/src/Illuminate/Database/Query/Builder.php(4234): Illuminate\\Database\\Connection->update('update \"riders\"...', Array)
#4 /Users/xilolomacbook/Apps/Foodhunts-backend/vendor/laravel/framework/src/Illuminate/Database/Eloquent/Builder.php(1266): Illuminate\\Database\\Query\\Builder->update(Object(Illuminate\\Support\\Collection))
#5 /Users/xilolomacbook/Apps/Foodhunts-backend/vendor/laravel/framework/src/Illuminate/Database/Eloquent/Model.php(1316): Illuminate\\Database\\Eloquent\\Builder->update(Array)
#6 /Users/xilolomacbook/Apps/Foodhunts-backend/vendor/laravel/framework/src/Illuminate/Database/Eloquent/Model.php(1233): Illuminate\\Database\\Eloquent\\Model->performUpdate(Object(Illuminate\\Database\\Eloquent\\Builder))
#7 /Users/xilolomacbook/Apps/Foodhunts-backend/vendor/laravel/framework/src/Illuminate/Database/Eloquent/Model.php(1090): Illuminate\\Database\\Eloquent\\Model->save(Array)
#8 /Users/xilolomacbook/Apps/Foodhunts-backend/app/Services/RiderService.php(74): Illuminate\\Database\\Eloquent\\Model->update(Array)
#9 /Users/xilolomacbook/Apps/Foodhunts-backend/smoke_rider_flow.php(40): App\\Services\\RiderService->review(Object(App\\Models\\Rider), true)
#10 {main}

[previous exception] [object] (PDOException(code: 23502): SQLSTATE[23502]: Not null violation: 7 ERROR:  null value in column \"is_online\" of relation \"riders\" violates not-null constraint
DETAIL:  Failing row contains (019ffb6f-d6e3-71a4-a1bf-6b301357fec9, 019ffb6f-d6b5-703c-b1e2-15b642bfb156, motorcycle, SMK-001, approved, null, null, null, null, null, 0.00, 2026-08-13 15:03:58, 2026-08-13 15:03:58, null). at /Users/xilolomacbook/Apps/Foodhunts-backend/vendor/laravel/framework/src/Illuminate/Database/Connection.php:609)
[stacktrace]
#0 /Users/xilolomacbook/Apps/Foodhunts-backend/vendor/laravel/framework/src/Illuminate/Database/Connection.php(609): PDOStatement->execute()
#1 /Users/xilolomacbook/Apps/Foodhunts-backend/vendor/laravel/framework/src/Illuminate/Database/Connection.php(827): Illuminate\\Database\\Connection->Illuminate\\Database\\{closure}('update \"riders\"...', Array)
#2 /Users/xilolomacbook/Apps/Foodhunts-backend/vendor/laravel/framework/src/Illuminate/Database/Connection.php(794): Illuminate\\Database\\Connection->runQueryCallback('update \"riders\"...', Array, Object(Closure))
#3 /Users/xilolomacbook/Apps/Foodhunts-backend/vendor/laravel/framework/src/Illuminate/Database/Connection.php(597): Illuminate\\Database\\Connection->run('update \"riders\"...', Array, Object(Closure))
#4 /Users/xilolomacbook/Apps/Foodhunts-backend/vendor/laravel/framework/src/Illuminate/Database/Connection.php(549): Illuminate\\Database\\Connection->affectingStatement('update \"riders\"...', Array)
#5 /Users/xilolomacbook/Apps/Foodhunts-backend/vendor/laravel/framework/src/Illuminate/Database/Query/Builder.php(4234): Illuminate\\Database\\Connection->update('update \"riders\"...', Array)
#6 /Users/xilolomacbook/Apps/Foodhunts-backend/vendor/laravel/framework/src/Illuminate/Database/Eloquent/Builder.php(1266): Illuminate\\Database\\Query\\Builder->update(Object(Illuminate\\Support\\Collection))
#7 /Users/xilolomacbook/Apps/Foodhunts-backend/vendor/laravel/framework/src/Illuminate/Database/Eloquent/Model.php(1316): Illuminate\\Database\\Eloquent\\Builder->update(Array)
#8 /Users/xilolomacbook/Apps/Foodhunts-backend/vendor/laravel/framework/src/Illuminate/Database/Eloquent/Model.php(1233): Illuminate\\Database\\Eloquent\\Model->performUpdate(Object(Illuminate\\Database\\Eloquent\\Builder))
#9 /Users/xilolomacbook/Apps/Foodhunts-backend/vendor/laravel/framework/src/Illuminate/Database/Eloquent/Model.php(1090): Illuminate\\Database\\Eloquent\\Model->save(Array)
#10 /Users/xilolomacbook/Apps/Foodhunts-backend/app/Services/RiderService.php(74): Illuminate\\Database\\Eloquent\\Model->update(Array)
#11 /Users/xilolomacbook/Apps/Foodhunts-backend/smoke_rider_flow.php(40): App\\Services\\RiderService->review(Object(App\\Models\\Rider), true)
#12 {main}
"} 
[2026-08-13 15:04:15] local.ERROR: "completed" is not a valid backing value for enum App\Enums\PaymentStatus {"exception":"[object] (ValueError(code: 0): \"completed\" is not a valid backing value for enum App\\Enums\\PaymentStatus at /Users/xilolomacbook/Apps/Foodhunts-backend/vendor/laravel/framework/src/Illuminate/Database/Eloquent/Concerns/HasAttributes.php:1301)
[stacktrace]
#0 /Users/xilolomacbook/Apps/Foodhunts-backend/vendor/laravel/framework/src/Illuminate/Database/Eloquent/Concerns/HasAttributes.php(1301): App\\Enums\\PaymentStatus::from('completed')
#1 /Users/xilolomacbook/Apps/Foodhunts-backend/vendor/laravel/framework/src/Illuminate/Database/Eloquent/Concerns/HasAttributes.php(1286): Illuminate\\Database\\Eloquent\\Model->getEnumCaseFromValue('App\\\\Enums\\\\Payme...', 'completed')
#2 /Users/xilolomacbook/Apps/Foodhunts-backend/vendor/laravel/framework/src/Illuminate/Database/Eloquent/Concerns/HasAttributes.php(1085): Illuminate\\Database\\Eloquent\\Model->setEnumCastableAttribute('payment_status', 'completed')
#3 /Users/xilolomacbook/Apps/Foodhunts-backend/vendor/laravel/framework/src/Illuminate/Database/Eloquent/Model.php(619): Illuminate\\Database\\Eloquent\\Model->setAttribute('payment_status', 'completed')
#4 /Users/xilolomacbook/Apps/Foodhunts-backend/vendor/laravel/framework/src/Illuminate/Database/Eloquent/Model.php(713): Illuminate\\Database\\Eloquent\\Model->fill(Array)
#5 /Users/xilolomacbook/Apps/Foodhunts-backend/vendor/laravel/framework/src/Illuminate/Database/Eloquent/Builder.php(1749): Illuminate\\Database\\Eloquent\\Model->newInstance(Array)
#6 /Users/xilolomacbook/Apps/Foodhunts-backend/vendor/laravel/framework/src/Illuminate/Database/Eloquent/Builder.php(1218): Illuminate\\Database\\Eloquent\\Builder->newModelInstance(Array)
#7 /Users/xilolomacbook/Apps/Foodhunts-backend/vendor/laravel/framework/src/Illuminate/Support/Traits/ForwardsCalls.php(23): Illuminate\\Database\\Eloquent\\Builder->create(Array)
#8 /Users/xilolomacbook/Apps/Foodhunts-backend/vendor/laravel/framework/src/Illuminate/Database/Eloquent/Model.php(2544): Illuminate\\Database\\Eloquent\\Model->forwardCallTo(Object(Illuminate\\Database\\Eloquent\\Builder), 'create', Array)
#9 /Users/xilolomacbook/Apps/Foodhunts-backend/vendor/laravel/framework/src/Illuminate/Database/Eloquent/Model.php(2560): Illuminate\\Database\\Eloquent\\Model->__call('create', Array)
#10 /Users/xilolomacbook/Apps/Foodhunts-backend/smoke_rider_flow.php(48): Illuminate\\Database\\Eloquent\\Model::__callStatic('create', Array)
#11 {main}
"} 
[2026-08-13 15:04:26] local.INFO: Push notification queued {"type":"order_status_changed","order_id":"019ffb70-44d1-73d0-9fab-db8f2985eabc"} 
[2026-08-13 15:04:26] local.INFO: Push notification queued {"type":"order_status_changed","order_id":"019ffb70-44d1-73d0-9fab-db8f2985eabc"} 
[2026-08-13 15:04:26] local.INFO: Push notification queued {"type":"order_status_changed","order_id":"019ffb70-44d1-73d0-9fab-db8f2985eabc"} 
[2026-08-13 15:04:26] local.INFO: Push notification queued {"type":"order_status_changed","order_id":"019ffb70-44d1-73d0-9fab-db8f2985eabc"} 
[2026-08-13 15:04:26] local.INFO: Push notification queued {"type":"order_status_changed","order_id":"019ffb70-44d1-73d0-9fab-db8f2985eabc"} 
[2026-08-13 15:04:26] local.INFO: Push notification queued {"type":"order_status_changed","order_id":"019ffb70-44d1-73d0-9fab-db8f2985eabc"} 
[2026-08-13 15:05:54] local.ERROR: Command "db:query" is not defined.

Did you mean one of these?
    db
    db:monitor
    db:seed
    db:show
    db:table
    db:wipe {"exception":"[object] (Symfony\\Component\\Console\\Exception\\CommandNotFoundException(code: 0): Command \"db:query\" is not defined.

Did you mean one of these?
    db
    db:monitor
    db:seed
    db:show
    db:table
    db:wipe at /Users/xilolomacbook/Apps/Foodhunts-backend/vendor/symfony/console/Application.php:759)
[stacktrace]
#0 /Users/xilolomacbook/Apps/Foodhunts-backend/vendor/symfony/console/Application.php(298): Symfony\\Component\\Console\\Application->find('db:query')
#1 /Users/xilolomacbook/Apps/Foodhunts-backend/vendor/symfony/console/Application.php(195): Symfony\\Component\\Console\\Application->doRun(Object(Symfony\\Component\\Console\\Input\\ArgvInput), Object(Symfony\\Component\\Console\\Output\\ConsoleOutput))
#2 /Users/xilolomacbook/Apps/Foodhunts-backend/vendor/laravel/framework/src/Illuminate/Foundation/Console/Kernel.php(198): Symfony\\Component\\Console\\Application->run(Object(Symfony\\Component\\Console\\Input\\ArgvInput), Object(Symfony\\Component\\Console\\Output\\ConsoleOutput))
#3 /Users/xilolomacbook/Apps/Foodhunts-backend/artisan(12): Illuminate\\Foundation\\Console\\Kernel->handle(Object(Symfony\\Component\\Console\\Input\\ArgvInput), Object(Symfony\\Component\\Console\\Output\\ConsoleOutput))
#4 {main}
"} 
[2026-08-13 15:06:29] local.INFO: Push notification queued {"type":"order_status_changed","order_id":"019ffb72-2584-717e-9508-c279995e216c"} 
[2026-08-13 15:06:29] local.INFO: Push notification queued {"type":"order_status_changed","order_id":"019ffb72-2584-717e-9508-c279995e216c"} 
[2026-08-13 15:06:29] local.INFO: Push notification queued {"type":"order_status_changed","order_id":"019ffb72-2584-717e-9508-c279995e216c"} 
[2026-08-13 15:06:29] local.INFO: Push notification queued {"type":"order_status_changed","order_id":"019ffb72-2584-717e-9508-c279995e216c"} 
[2026-08-13 15:06:29] local.INFO: Push notification queued {"type":"order_status_changed","order_id":"019ffb72-2584-717e-9508-c279995e216c"} 
[2026-08-13 15:06:29] local.INFO: Push notification queued {"type":"order_status_changed","order_id":"019ffb72-2584-717e-9508-c279995e216c"} 
[2026-08-13 16:02:14] local.WARNING: Media database update failed after storage verification. {"category":"restaurant_logo","entity_type":"Mockery_5_App_Models_Restaurant","entity_id":"7ae9da06-06f5-425b-881e-4e14821184e7","object_key":"restaurants/7ae9da06-06f5-425b-881e-4e14821184e7/logo/d0f5d98a-1748-4066-bb22-54b339b5017e.jpg","error_class":"App\\Services\\Media\\Exceptions\\MediaStorageException"} 
[2026-08-13 16:02:20] local.WARNING: Media database update failed after storage verification. {"category":"restaurant_logo","entity_type":"Mockery_5_App_Models_Restaurant","entity_id":"7ae9da06-06f5-425b-881e-4e14821184e7","object_key":"restaurants/7ae9da06-06f5-425b-881e-4e14821184e7/logo/12e22154-18ce-4554-972c-a9f61945b6a3.jpg","error_class":"App\\Services\\Media\\Exceptions\\MediaStorageException"} 
[2026-08-13 16:33:13] local.WARNING: Media database update failed after storage verification. {"category":"restaurant_logo","entity_type":"Mockery_5_App_Models_Restaurant","entity_id":"7ae9da06-06f5-425b-881e-4e14821184e7","object_key":"restaurants/7ae9da06-06f5-425b-881e-4e14821184e7/logo/28dfc2a8-820a-4af0-af26-989bd20958b9.jpg","error_class":"App\\Services\\Media\\Exceptions\\MediaStorageException"} 
[2026-08-13 16:33:42] local.ERROR: SQLSTATE[08006] [7] connection to server at "127.0.0.1", port 5432 failed: server does not support SSL, but SSL was required (Connection: pgsql, Host: 127.0.0.1, Port: 5432, Database: foodhunts, SQL: select exists (select 1 from pg_class c, pg_namespace n where n.nspname = current_schema() and c.relname = 'media_migration_manifests' and c.relkind in ('r', 'p') and n.oid = c.relnamespace)) {"exception":"[object] (Illuminate\\Database\\QueryException(code: 7): SQLSTATE[08006] [7] connection to server at \"127.0.0.1\", port 5432 failed: server does not support SSL, but SSL was required (Connection: pgsql, Host: 127.0.0.1, Port: 5432, Database: foodhunts, SQL: select exists (select 1 from pg_class c, pg_namespace n where n.nspname = current_schema() and c.relname = 'media_migration_manifests' and c.relkind in ('r', 'p') and n.oid = c.relnamespace)) at /Users/xilolomacbook/Apps/Foodhunts-backend/vendor/laravel/framework/src/Illuminate/Database/Connection.php:838)
[stacktrace]
#0 /Users/xilolomacbook/Apps/Foodhunts-backend/vendor/laravel/framework/src/Illuminate/Database/Connection.php(794): Illuminate\\Database\\Connection->runQueryCallback('select exists (...', Array, Object(Closure))
#1 /Users/xilolomacbook/Apps/Foodhunts-backend/vendor/laravel/framework/src/Illuminate/Database/Connection.php(411): Illuminate\\Database\\Connection->run('select exists (...', Array, Object(Closure))
#2 /Users/xilolomacbook/Apps/Foodhunts-backend/vendor/laravel/framework/src/Illuminate/Database/Connection.php(357): Illuminate\\Database\\Connection->select('select exists (...', Array, true)
#3 /Users/xilolomacbook/Apps/Foodhunts-backend/vendor/laravel/framework/src/Illuminate/Database/Connection.php(374): Illuminate\\Database\\Connection->selectOne('select exists (...', Array, true)
#4 /Users/xilolomacbook/Apps/Foodhunts-backend/vendor/laravel/framework/src/Illuminate/Database/Schema/Builder.php(176): Illuminate\\Database\\Connection->scalar('select exists (...')
#5 /Users/xilolomacbook/Apps/Foodhunts-backend/vendor/laravel/framework/src/Illuminate/Support/Facades/Facade.php(363): Illuminate\\Database\\Schema\\Builder->hasTable('media_migration...')
#6 /private/var/folders/4k/7mz0n5pn3pxbz9x_28s3v_3h0000gn/T/hermes-verify-media-migration.php(73): Illuminate\\Support\\Facades\\Facade::__callStatic('hasTable', Array)
#7 {main}

[previous exception] [object] (PDOException(code: 7): SQLSTATE[08006] [7] connection to server at \"127.0.0.1\", port 5432 failed: server does not support SSL, but SSL was required at /Users/xilolomacbook/Apps/Foodhunts-backend/vendor/laravel/framework/src/Illuminate/Database/Connectors/Connector.php:66)
[stacktrace]
#0 /Users/xilolomacbook/Apps/Foodhunts-backend/vendor/laravel/framework/src/Illuminate/Database/Connectors/Connector.php(66): PDO->__construct('pgsql:host=127....', 'postgres', Object(SensitiveParameterValue), Array)
#1 /Users/xilolomacbook/Apps/Foodhunts-backend/vendor/laravel/framework/src/Illuminate/Database/Connectors/Connector.php(44): Illuminate\\Database\\Connectors\\Connector->createPdoConnection('pgsql:host=127....', 'postgres', Object(SensitiveParameterValue), Array)
#2 /Users/xilolomacbook/Apps/Foodhunts-backend/vendor/laravel/framework/src/Illuminate/Database/Connectors/PostgresConnector.php(35): Illuminate\\Database\\Connectors\\Connector->createConnection('pgsql:host=127....', Array, Array)
#3 /Users/xilolomacbook/Apps/Foodhunts-backend/vendor/laravel/framework/src/Illuminate/Database/Connectors/ConnectionFactory.php(186): Illuminate\\Database\\Connectors\\PostgresConnector->connect(Array)
#4 [internal function]: Illuminate\\Database\\Connectors\\ConnectionFactory->Illuminate\\Database\\Connectors\\{closure}()
#5 /Users/xilolomacbook/Apps/Foodhunts-backend/vendor/laravel/framework/src/Illuminate/Database/Connection.php(1257): call_user_func(Object(Closure))
#6 /Users/xilolomacbook/Apps/Foodhunts-backend/vendor/laravel/framework/src/Illuminate/Database/Connection.php(1295): Illuminate\\Database\\Connection->getPdo()
#7 /Users/xilolomacbook/Apps/Foodhunts-backend/vendor/laravel/framework/src/Illuminate/Database/Connection.php(525): Illuminate\\Database\\Connection->getReadPdo()
#8 /Users/xilolomacbook/Apps/Foodhunts-backend/vendor/laravel/framework/src/Illuminate/Database/Connection.php(420): Illuminate\\Database\\Connection->getPdoForSelect(true)
#9 /Users/xilolomacbook/Apps/Foodhunts-backend/vendor/laravel/framework/src/Illuminate/Database/Connection.php(827): Illuminate\\Database\\Connection->Illuminate\\Database\\{closure}('select exists (...', Array)
#10 /Users/xilolomacbook/Apps/Foodhunts-backend/vendor/laravel/framework/src/Illuminate/Database/Connection.php(794): Illuminate\\Database\\Connection->runQueryCallback('select exists (...', Array, Object(Closure))
#11 /Users/xilolomacbook/Apps/Foodhunts-backend/vendor/laravel/framework/src/Illuminate/Database/Connection.php(411): Illuminate\\Database\\Connection->run('select exists (...', Array, Object(Closure))
#12 /Users/xilolomacbook/Apps/Foodhunts-backend/vendor/laravel/framework/src/Illuminate/Database/Connection.php(357): Illuminate\\Database\\Connection->select('select exists (...', Array, true)
#13 /Users/xilolomacbook/Apps/Foodhunts-backend/vendor/laravel/framework/src/Illuminate/Database/Connection.php(374): Illuminate\\Database\\Connection->selectOne('select exists (...', Array, true)
#14 /Users/xilolomacbook/Apps/Foodhunts-backend/vendor/laravel/framework/src/Illuminate/Database/Schema/Builder.php(176): Illuminate\\Database\\Connection->scalar('select exists (...')
#15 /Users/xilolomacbook/Apps/Foodhunts-backend/vendor/laravel/framework/src/Illuminate/Support/Facades/Facade.php(363): Illuminate\\Database\\Schema\\Builder->hasTable('media_migration...')
#16 /private/var/folders/4k/7mz0n5pn3pxbz9x_28s3v_3h0000gn/T/hermes-verify-media-migration.php(73): Illuminate\\Support\\Facades\\Facade::__callStatic('hasTable', Array)
#17 {main}
"} 
[2026-08-13 16:35:17] local.WARNING: Media database update failed after storage verification. {"category":"restaurant_logo","entity_type":"Mockery_5_App_Models_Restaurant","entity_id":"7ae9da06-06f5-425b-881e-4e14821184e7","object_key":"restaurants/7ae9da06-06f5-425b-881e-4e14821184e7/logo/97826170-a5db-44e3-9f52-40ca2d71e880.jpg","error_class":"App\\Services\\Media\\Exceptions\\MediaStorageException"} 
[2026-08-13 22:34:19] local.WARNING: Media database update failed after storage verification. {"category":"restaurant_logo","entity_type":"Mockery_5_App_Models_Restaurant","entity_id":"7ae9da06-06f5-425b-881e-4e14821184e7","object_key":"restaurants/7ae9da06-06f5-425b-881e-4e14821184e7/logo/7b177b1a-05e4-4534-aa28-dd976e05b22d.jpg","error_class":"App\\Services\\Media\\Exceptions\\MediaStorageException"} 
[2026-08-13 22:46:17] local.WARNING: Media database update failed after storage verification. {"category":"restaurant_logo","entity_type":"Mockery_5_App_Models_Restaurant","entity_id":"7ae9da06-06f5-425b-881e-4e14821184e7","object_key":"restaurants/7ae9da06-06f5-425b-881e-4e14821184e7/logo/54d1ac98-474e-4158-aaa6-b934586b7431.jpg","error_class":"App\\Services\\Media\\Exceptions\\MediaStorageException"} 
[2026-08-13 22:48:38] local.WARNING: Media database update failed after storage verification. {"category":"restaurant_logo","entity_type":"Mockery_5_App_Models_Restaurant","entity_id":"7ae9da06-06f5-425b-881e-4e14821184e7","object_key":"restaurants/7ae9da06-06f5-425b-881e-4e14821184e7/logo/850046c6-ebc7-4ff8-9258-570d521fa9a4.jpg","error_class":"App\\Services\\Media\\Exceptions\\MediaStorageException"} 
[2026-08-15 15:41:26] local.WARNING: Media database update failed after storage verification. {"category":"restaurant_logo","entity_type":"Mockery_5_App_Models_Restaurant","entity_id":"7ae9da06-06f5-425b-881e-4e14821184e7","object_key":"restaurants/7ae9da06-06f5-425b-881e-4e14821184e7/logo/879d98f3-b24d-462d-8cd9-bf02ba5c2975.jpg","error_class":"App\\Services\\Media\\Exceptions\\MediaStorageException"} 
[2026-08-15 15:53:54] local.WARNING: Media database update failed after storage verification. {"category":"restaurant_logo","entity_type":"Mockery_5_App_Models_Restaurant","entity_id":"7ae9da06-06f5-425b-881e-4e14821184e7","object_key":"restaurants/7ae9da06-06f5-425b-881e-4e14821184e7/logo/3937161f-7fd9-4a78-814c-bf8b8bce6535.jpg","error_class":"App\\Services\\Media\\Exceptions\\MediaStorageException"} 
[2026-08-15 16:27:18] local.WARNING: Media database update failed after storage verification. {"category":"restaurant_logo","entity_type":"Mockery_5_App_Models_Restaurant","entity_id":"7ae9da06-06f5-425b-881e-4e14821184e7","object_key":"restaurants/7ae9da06-06f5-425b-881e-4e14821184e7/logo/c2ff898e-52b8-405e-a420-4ed04240ac42.jpg","error_class":"App\\Services\\Media\\Exceptions\\MediaStorageException"} 
[2026-08-15 16:29:42] local.WARNING: Media database update failed after storage verification. {"category":"restaurant_logo","entity_type":"Mockery_5_App_Models_Restaurant","entity_id":"7ae9da06-06f5-425b-881e-4e14821184e7","object_key":"restaurants/7ae9da06-06f5-425b-881e-4e14821184e7/logo/b1da1d4b-6490-401b-a418-591f637d3c06.jpg","error_class":"App\\Services\\Media\\Exceptions\\MediaStorageException"} 
[2026-08-15 16:31:47] local.WARNING: Media database update failed after storage verification. {"category":"restaurant_logo","entity_type":"Mockery_5_App_Models_Restaurant","entity_id":"7ae9da06-06f5-425b-881e-4e14821184e7","object_key":"restaurants/7ae9da06-06f5-425b-881e-4e14821184e7/logo/2607718a-ee12-49f8-901e-5ec0dbab06f9.jpg","error_class":"App\\Services\\Media\\Exceptions\\MediaStorageException"} 
[2026-08-15 16:32:57] local.ERROR: SQLSTATE[08006] [7] connection to server at "127.0.0.1", port 5432 failed: server does not support SSL, but SSL was required (Connection: pgsql, Host: 127.0.0.1, Port: 5432, Database: foodhunts, SQL: select exists (select 1 from pg_class c, pg_namespace n where n.nspname = current_schema() and c.relname = 'migrations' and c.relkind in ('r', 'p') and n.oid = c.relnamespace)) {"exception":"[object] (Illuminate\\Database\\QueryException(code: 7): SQLSTATE[08006] [7] connection to server at \"127.0.0.1\", port 5432 failed: server does not support SSL, but SSL was required (Connection: pgsql, Host: 127.0.0.1, Port: 5432, Database: foodhunts, SQL: select exists (select 1 from pg_class c, pg_namespace n where n.nspname = current_schema() and c.relname = 'migrations' and c.relkind in ('r', 'p') and n.oid = c.relnamespace)) at /Users/xilolomacbook/Apps/Foodhunts-backend/vendor/laravel/framework/src/Illuminate/Database/Connection.php:838)
[stacktrace]
#0 /Users/xilolomacbook/Apps/Foodhunts-backend/vendor/laravel/framework/src/Illuminate/Database/Connection.php(794): Illuminate\\Database\\Connection->runQueryCallback('select exists (...', Array, Object(Closure))
#1 /Users/xilolomacbook/Apps/Foodhunts-backend/vendor/laravel/framework/src/Illuminate/Database/Connection.php(411): Illuminate\\Database\\Connection->run('select exists (...', Array, Object(Closure))
#2 /Users/xilolomacbook/Apps/Foodhunts-backend/vendor/laravel/framework/src/Illuminate/Database/Connection.php(357): Illuminate\\Database\\Connection->select('select exists (...', Array, true)
#3 /Users/xilolomacbook/Apps/Foodhunts-backend/vendor/laravel/framework/src/Illuminate/Database/Connection.php(374): Illuminate\\Database\\Connection->selectOne('select exists (...', Array, true)
#4 /Users/xilolomacbook/Apps/Foodhunts-backend/vendor/laravel/framework/src/Illuminate/Database/Schema/Builder.php(176): Illuminate\\Database\\Connection->scalar('select exists (...')
#5 /Users/xilolomacbook/Apps/Foodhunts-backend/vendor/laravel/framework/src/Illuminate/Database/Migrations/DatabaseMigrationRepository.php(185): Illuminate\\Database\\Schema\\Builder->hasTable('migrations')
#6 /Users/xilolomacbook/Apps/Foodhunts-backend/vendor/laravel/framework/src/Illuminate/Database/Migrations/Migrator.php(758): Illuminate\\Database\\Migrations\\DatabaseMigrationRepository->repositoryExists()
#7 /Users/xilolomacbook/Apps/Foodhunts-backend/vendor/laravel/framework/src/Illuminate/Database/Console/Migrations/StatusCommand.php(55): Illuminate\\Database\\Migrations\\Migrator->repositoryExists()
#8 /Users/xilolomacbook/Apps/Foodhunts-backend/vendor/laravel/framework/src/Illuminate/Database/Migrations/Migrator.php(671): Illuminate\\Database\\Console\\Migrations\\StatusCommand->Illuminate\\Database\\Console\\Migrations\\{closure}()
#9 /Users/xilolomacbook/Apps/Foodhunts-backend/vendor/laravel/framework/src/Illuminate/Database/Console/Migrations/StatusCommand.php(54): Illuminate\\Database\\Migrations\\Migrator->usingConnection(NULL, Object(Closure))
#10 /Users/xilolomacbook/Apps/Foodhunts-backend/vendor/laravel/framework/src/Illuminate/Container/BoundMethod.php(36): Illuminate\\Database\\Console\\Migrations\\StatusCommand->handle()
#11 /Users/xilolomacbook/Apps/Foodhunts-backend/vendor/laravel/framework/src/Illuminate/Container/Util.php(43): Illuminate\\Container\\BoundMethod::Illuminate\\Container\\{closure}()
#12 /Users/xilolomacbook/Apps/Foodhunts-backend/vendor/laravel/framework/src/Illuminate/Container/BoundMethod.php(96): Illuminate\\Container\\Util::unwrapIfClosure(Object(Closure))
#13 /Users/xilolomacbook/Apps/Foodhunts-backend/vendor/laravel/framework/src/Illuminate/Container/BoundMethod.php(35): Illuminate\\Container\\BoundMethod::callBoundMethod(Object(Illuminate\\Foundation\\Application), Array, Object(Closure))
#14 /Users/xilolomacbook/Apps/Foodhunts-backend/vendor/laravel/framework/src/Illuminate/Container/Container.php(799): Illuminate\\Container\\BoundMethod::call(Object(Illuminate\\Foundation\\Application), Array, Array, NULL)
#15 /Users/xilolomacbook/Apps/Foodhunts-backend/vendor/laravel/framework/src/Illuminate/Console/Command.php(211): Illuminate\\Container\\Container->call(Array)
#16 /Users/xilolomacbook/Apps/Foodhunts-backend/vendor/symfony/console/Command/Command.php(341): Illuminate\\Console\\Command->execute(Object(Symfony\\Component\\Console\\Input\\ArgvInput), Object(Illuminate\\Console\\OutputStyle))
#17 /Users/xilolomacbook/Apps/Foodhunts-backend/vendor/laravel/framework/src/Illuminate/Console/Command.php(180): Symfony\\Component\\Console\\Command\\Command->run(Object(Symfony\\Component\\Console\\Input\\ArgvInput), Object(Illuminate\\Console\\OutputStyle))
#18 /Users/xilolomacbook/Apps/Foodhunts-backend/vendor/symfony/console/Application.php(1117): Illuminate\\Console\\Command->run(Object(Symfony\\Component\\Console\\Input\\ArgvInput), Object(Symfony\\Component\\Console\\Output\\ConsoleOutput))
#19 /Users/xilolomacbook/Apps/Foodhunts-backend/vendor/symfony/console/Application.php(356): Symfony\\Component\\Console\\Application->doRunCommand(Object(Illuminate\\Database\\Console\\Migrations\\StatusCommand), Object(Symfony\\Component\\Console\\Input\\ArgvInput), Object(Symfony\\Component\\Console\\Output\\ConsoleOutput))
#20 /Users/xilolomacbook/Apps/Foodhunts-backend/vendor/symfony/console/Application.php(195): Symfony\\Component\\Console\\Application->doRun(Object(Symfony\\Component\\Console\\Input\\ArgvInput), Object(Symfony\\Component\\Console\\Output\\ConsoleOutput))
#21 /Users/xilolomacbook/Apps/Foodhunts-backend/vendor/laravel/framework/src/Illuminate/Foundation/Console/Kernel.php(198): Symfony\\Component\\Console\\Application->run(Object(Symfony\\Component\\Console\\Input\\ArgvInput), Object(Symfony\\Component\\Console\\Output\\ConsoleOutput))
#22 /Users/xilolomacbook/Apps/Foodhunts-backend/artisan(12): Illuminate\\Foundation\\Console\\Kernel->handle(Object(Symfony\\Component\\Console\\Input\\ArgvInput), Object(Symfony\\Component\\Console\\Output\\ConsoleOutput))
#23 {main}

[previous exception] [object] (PDOException(code: 7): SQLSTATE[08006] [7] connection to server at \"127.0.0.1\", port 5432 failed: server does not support SSL, but SSL was required at /Users/xilolomacbook/Apps/Foodhunts-backend/vendor/laravel/framework/src/Illuminate/Database/Connectors/Connector.php:66)
[stacktrace]
#0 /Users/xilolomacbook/Apps/Foodhunts-backend/vendor/laravel/framework/src/Illuminate/Database/Connectors/Connector.php(66): PDO->__construct('pgsql:host=127....', 'postgres', Object(SensitiveParameterValue), Array)
#1 /Users/xilolomacbook/Apps/Foodhunts-backend/vendor/laravel/framework/src/Illuminate/Database/Connectors/Connector.php(44): Illuminate\\Database\\Connectors\\Connector->createPdoConnection('pgsql:host=127....', 'postgres', Object(SensitiveParameterValue), Array)
#2 /Users/xilolomacbook/Apps/Foodhunts-backend/vendor/laravel/framework/src/Illuminate/Database/Connectors/PostgresConnector.php(35): Illuminate\\Database\\Connectors\\Connector->createConnection('pgsql:host=127....', Array, Array)
#3 /Users/xilolomacbook/Apps/Foodhunts-backend/vendor/laravel/framework/src/Illuminate/Database/Connectors/ConnectionFactory.php(186): Illuminate\\Database\\Connectors\\PostgresConnector->connect(Array)
#4 [internal function]: Illuminate\\Database\\Connectors\\ConnectionFactory->Illuminate\\Database\\Connectors\\{closure}()
#5 /Users/xilolomacbook/Apps/Foodhunts-backend/vendor/laravel/framework/src/Illuminate/Database/Connection.php(1257): call_user_func(Object(Closure))
#6 /Users/xilolomacbook/Apps/Foodhunts-backend/vendor/laravel/framework/src/Illuminate/Database/Connection.php(1295): Illuminate\\Database\\Connection->getPdo()
#7 /Users/xilolomacbook/Apps/Foodhunts-backend/vendor/laravel/framework/src/Illuminate/Database/Connection.php(525): Illuminate\\Database\\Connection->getReadPdo()
#8 /Users/xilolomacbook/Apps/Foodhunts-backend/vendor/laravel/framework/src/Illuminate/Database/Connection.php(420): Illuminate\\Database\\Connection->getPdoForSelect(true)
#9 /Users/xilolomacbook/Apps/Foodhunts-backend/vendor/laravel/framework/src/Illuminate/Database/Connection.php(827): Illuminate\\Database\\Connection->Illuminate\\Database\\{closure}('select exists (...', Array)
#10 /Users/xilolomacbook/Apps/Foodhunts-backend/vendor/laravel/framework/src/Illuminate/Database/Connection.php(794): Illuminate\\Database\\Connection->runQueryCallback('select exists (...', Array, Object(Closure))
#11 /Users/xilolomacbook/Apps/Foodhunts-backend/vendor/laravel/framework/src/Illuminate/Database/Connection.php(411): Illuminate\\Database\\Connection->run('select exists (...', Array, Object(Closure))
#12 /Users/xilolomacbook/Apps/Foodhunts-backend/vendor/laravel/framework/src/Illuminate/Database/Connection.php(357): Illuminate\\Database\\Connection->select('select exists (...', Array, true)
#13 /Users/xilolomacbook/Apps/Foodhunts-backend/vendor/laravel/framework/src/Illuminate/Database/Connection.php(374): Illuminate\\Database\\Connection->selectOne('select exists (...', Array, true)
#14 /Users/xilolomacbook/Apps/Foodhunts-backend/vendor/laravel/framework/src/Illuminate/Database/Schema/Builder.php(176): Illuminate\\Database\\Connection->scalar('select exists (...')
#15 /Users/xilolomacbook/Apps/Foodhunts-backend/vendor/laravel/framework/src/Illuminate/Database/Migrations/DatabaseMigrationRepository.php(185): Illuminate\\Database\\Schema\\Builder->hasTable('migrations')
#16 /Users/xilolomacbook/Apps/Foodhunts-backend/vendor/laravel/framework/src/Illuminate/Database/Migrations/Migrator.php(758): Illuminate\\Database\\Migrations\\DatabaseMigrationRepository->repositoryExists()
#17 /Users/xilolomacbook/Apps/Foodhunts-backend/vendor/laravel/framework/src/Illuminate/Database/Console/Migrations/StatusCommand.php(55): Illuminate\\Database\\Migrations\\Migrator->repositoryExists()
#18 /Users/xilolomacbook/Apps/Foodhunts-backend/vendor/laravel/framework/src/Illuminate/Database/Migrations/Migrator.php(671): Illuminate\\Database\\Console\\Migrations\\StatusCommand->Illuminate\\Database\\Console\\Migrations\\{closure}()
#19 /Users/xilolomacbook/Apps/Foodhunts-backend/vendor/laravel/framework/src/Illuminate/Database/Console/Migrations/StatusCommand.php(54): Illuminate\\Database\\Migrations\\Migrator->usingConnection(NULL, Object(Closure))
#20 /Users/xilolomacbook/Apps/Foodhunts-backend/vendor/laravel/framework/src/Illuminate/Container/BoundMethod.php(36): Illuminate\\Database\\Console\\Migrations\\StatusCommand->handle()
#21 /Users/xilolomacbook/Apps/Foodhunts-backend/vendor/laravel/framework/src/Illuminate/Container/Util.php(43): Illuminate\\Container\\BoundMethod::Illuminate\\Container\\{closure}()
#22 /Users/xilolomacbook/Apps/Foodhunts-backend/vendor/laravel/framework/src/Illuminate/Container/BoundMethod.php(96): Illuminate\\Container\\Util::unwrapIfClosure(Object(Closure))
#23 /Users/xilolomacbook/Apps/Foodhunts-backend/vendor/laravel/framework/src/Illuminate/Container/BoundMethod.php(35): Illuminate\\Container\\BoundMethod::callBoundMethod(Object(Illuminate\\Foundation\\Application), Array, Object(Closure))
#24 /Users/xilolomacbook/Apps/Foodhunts-backend/vendor/laravel/framework/src/Illuminate/Container/Container.php(799): Illuminate\\Container\\BoundMethod::call(Object(Illuminate\\Foundation\\Application), Array, Array, NULL)
#25 /Users/xilolomacbook/Apps/Foodhunts-backend/vendor/laravel/framework/src/Illuminate/Console/Command.php(211): Illuminate\\Container\\Container->call(Array)
#26 /Users/xilolomacbook/Apps/Foodhunts-backend/vendor/symfony/console/Command/Command.php(341): Illuminate\\Console\\Command->execute(Object(Symfony\\Component\\Console\\Input\\ArgvInput), Object(Illuminate\\Console\\OutputStyle))
#27 /Users/xilolomacbook/Apps/Foodhunts-backend/vendor/laravel/framework/src/Illuminate/Console/Command.php(180): Symfony\\Component\\Console\\Command\\Command->run(Object(Symfony\\Component\\Console\\Input\\ArgvInput), Object(Illuminate\\Console\\OutputStyle))
#28 /Users/xilolomacbook/Apps/Foodhunts-backend/vendor/symfony/console/Application.php(1117): Illuminate\\Console\\Command->run(Object(Symfony\\Component\\Console\\Input\\ArgvInput), Object(Symfony\\Component\\Console\\Output\\ConsoleOutput))
#29 /Users/xilolomacbook/Apps/Foodhunts-backend/vendor/symfony/console/Application.php(356): Symfony\\Component\\Console\\Application->doRunCommand(Object(Illuminate\\Database\\Console\\Migrations\\StatusCommand), Object(Symfony\\Component\\Console\\Input\\ArgvInput), Object(Symfony\\Component\\Console\\Output\\ConsoleOutput))
#30 /Users/xilolomacbook/Apps/Foodhunts-backend/vendor/symfony/console/Application.php(195): Symfony\\Component\\Console\\Application->doRun(Object(Symfony\\Component\\Console\\Input\\ArgvInput), Object(Symfony\\Component\\Console\\Output\\ConsoleOutput))
#31 /Users/xilolomacbook/Apps/Foodhunts-backend/vendor/laravel/framework/src/Illuminate/Foundation/Console/Kernel.php(198): Symfony\\Component\\Console\\Application->run(Object(Symfony\\Component\\Console\\Input\\ArgvInput), Object(Symfony\\Component\\Console\\Output\\ConsoleOutput))
#32 /Users/xilolomacbook/Apps/Foodhunts-backend/artisan(12): Illuminate\\Foundation\\Console\\Kernel->handle(Object(Symfony\\Component\\Console\\Input\\ArgvInput), Object(Symfony\\Component\\Console\\Output\\ConsoleOutput))
#33 {main}
"} 
[2026-08-15 16:45:22] local.WARNING: Media database update failed after storage verification. {"category":"restaurant_logo","entity_type":"Mockery_5_App_Models_Restaurant","entity_id":"7ae9da06-06f5-425b-881e-4e14821184e7","object_key":"restaurants/7ae9da06-06f5-425b-881e-4e14821184e7/logo/a835a13c-7f3b-4211-9185-00beffb76c5c.jpg","error_class":"App\\Services\\Media\\Exceptions\\MediaStorageException"} 
[2026-08-15 16:50:21] local.WARNING: Media database update failed after storage verification. {"category":"restaurant_logo","entity_type":"Mockery_5_App_Models_Restaurant","entity_id":"7ae9da06-06f5-425b-881e-4e14821184e7","object_key":"restaurants/7ae9da06-06f5-425b-881e-4e14821184e7/logo/11ad1aa5-b6dc-4240-84bc-4ba5cc8cd058.jpg","error_class":"App\\Services\\Media\\Exceptions\\MediaStorageException"} 
[2026-08-15 16:51:22] local.WARNING: Media database update failed after storage verification. {"category":"restaurant_logo","entity_type":"Mockery_5_App_Models_Restaurant","entity_id":"7ae9da06-06f5-425b-881e-4e14821184e7","object_key":"restaurants/7ae9da06-06f5-425b-881e-4e14821184e7/logo/5f249e3e-2398-49bb-88f3-98ab4bcafe32.jpg","error_class":"App\\Services\\Media\\Exceptions\\MediaStorageException"} 
[2026-08-17 09:09:00] local.WARNING: Media database update failed after storage verification. {"category":"restaurant_logo","entity_type":"Mockery_5_App_Models_Restaurant","entity_id":"7ae9da06-06f5-425b-881e-4e14821184e7","object_key":"restaurants/7ae9da06-06f5-425b-881e-4e14821184e7/logo/9acbf10f-71bd-4308-84bb-b874e54abac3.jpg","error_class":"App\\Services\\Media\\Exceptions\\MediaStorageException"} 
[2026-08-17 09:38:29] local.WARNING: Media database update failed after storage verification. {"category":"restaurant_logo","entity_type":"Mockery_5_App_Models_Restaurant","entity_id":"7ae9da06-06f5-425b-881e-4e14821184e7","object_key":"restaurants/7ae9da06-06f5-425b-881e-4e14821184e7/logo/f2bde3e8-ae98-46e5-a9bf-9bdd71c4608d.jpg","error_class":"App\\Services\\Media\\Exceptions\\MediaStorageException"} 
[2026-08-17 09:39:28] local.WARNING: Media database update failed after storage verification. {"category":"restaurant_logo","entity_type":"Mockery_5_App_Models_Restaurant","entity_id":"7ae9da06-06f5-425b-881e-4e14821184e7","object_key":"restaurants/7ae9da06-06f5-425b-881e-4e14821184e7/logo/18ef0670-0d39-4106-b81b-24e2eb67ec90.jpg","error_class":"App\\Services\\Media\\Exceptions\\MediaStorageException"} 
[2026-08-17 10:11:55] local.WARNING: Media database update failed after storage verification. {"category":"restaurant_logo","entity_type":"Mockery_5_App_Models_Restaurant","entity_id":"7ae9da06-06f5-425b-881e-4e14821184e7","object_key":"restaurants/7ae9da06-06f5-425b-881e-4e14821184e7/logo/734b9cc9-0206-411d-9d43-b4999dc0186f.jpg","error_class":"App\\Services\\Media\\Exceptions\\MediaStorageException"} 
[2026-08-17 10:48:27] local.WARNING: Media database update failed after storage verification. {"category":"restaurant_logo","entity_type":"Mockery_5_App_Models_Restaurant","entity_id":"7ae9da06-06f5-425b-881e-4e14821184e7","object_key":"restaurants/7ae9da06-06f5-425b-881e-4e14821184e7/logo/53d0c741-9c19-4c9b-b639-89da3ef275ac.jpg","error_class":"App\\Services\\Media\\Exceptions\\MediaStorageException"} 
[2026-08-17 12:50:01] local.WARNING: Media database update failed after storage verification. {"category":"restaurant_logo","entity_type":"Mockery_5_App_Models_Restaurant","entity_id":"7ae9da06-06f5-425b-881e-4e14821184e7","object_key":"restaurants/7ae9da06-06f5-425b-881e-4e14821184e7/logo/df26ceff-bd34-4f7f-a862-fba3162bcc02.jpg","error_class":"App\\Services\\Media\\Exceptions\\MediaStorageException"} 
[2026-08-17 12:50:13] local.WARNING: Media database update failed after storage verification. {"category":"restaurant_logo","entity_type":"Mockery_5_App_Models_Restaurant","entity_id":"7ae9da06-06f5-425b-881e-4e14821184e7","object_key":"restaurants/7ae9da06-06f5-425b-881e-4e14821184e7/logo/46965556-d308-456f-ae89-853e49ed218a.jpg","error_class":"App\\Services\\Media\\Exceptions\\MediaStorageException"} 
[2026-08-17 12:50:22] local.WARNING: Media database update failed after storage verification. {"category":"restaurant_logo","entity_type":"Mockery_2_App_Models_Restaurant","entity_id":"7ae9da06-06f5-425b-881e-4e14821184e7","object_key":"restaurants/7ae9da06-06f5-425b-881e-4e14821184e7/logo/6396aada-76d9-431c-8c6b-42d3c2e0ddfa.jpg","error_class":"App\\Services\\Media\\Exceptions\\MediaStorageException"} 
[2026-08-17 12:53:02] local.WARNING: Media database update failed after storage verification. {"category":"restaurant_logo","entity_type":"Mockery_5_App_Models_Restaurant","entity_id":"7ae9da06-06f5-425b-881e-4e14821184e7","object_key":"restaurants/7ae9da06-06f5-425b-881e-4e14821184e7/logo/e97e1340-d9dd-4062-82dd-7006b16288df.jpg","error_class":"App\\Services\\Media\\Exceptions\\MediaStorageException"} 
[2026-08-17 12:57:42] local.WARNING: Media database update failed after storage verification. {"category":"restaurant_logo","entity_type":"Mockery_5_App_Models_Restaurant","entity_id":"7ae9da06-06f5-425b-881e-4e14821184e7","object_key":"restaurants/7ae9da06-06f5-425b-881e-4e14821184e7/logo/861069b6-dd15-4435-b51e-8bd195207784.jpg","error_class":"App\\Services\\Media\\Exceptions\\MediaStorageException"} 
[2026-08-17 12:58:36] local.WARNING: Media database update failed after storage verification. {"category":"restaurant_logo","entity_type":"Mockery_5_App_Models_Restaurant","entity_id":"7ae9da06-06f5-425b-881e-4e14821184e7","object_key":"restaurants/7ae9da06-06f5-425b-881e-4e14821184e7/logo/a5625026-2ffe-4222-883c-6a96faee0e50.jpg","error_class":"App\\Services\\Media\\Exceptions\\MediaStorageException"} 
[2026-08-17 12:59:57] local.WARNING: Media database update failed after storage verification. {"category":"restaurant_logo","entity_type":"Mockery_5_App_Models_Restaurant","entity_id":"7ae9da06-06f5-425b-881e-4e14821184e7","object_key":"restaurants/7ae9da06-06f5-425b-881e-4e14821184e7/logo/8b11a9c7-93d6-4d1c-9577-538cddc0b56d.jpg","error_class":"App\\Services\\Media\\Exceptions\\MediaStorageException"} 
[2026-08-22 21:16:26] local.WARNING: Media database update failed after storage verification. {"category":"restaurant_logo","entity_type":"Mockery_5_App_Models_Restaurant","entity_id":"7ae9da06-06f5-425b-881e-4e14821184e7","object_key":"restaurants/7ae9da06-06f5-425b-881e-4e14821184e7/logo/36ed4037-c711-4d40-b1be-7e3fcb6c7206.jpg","error_class":"App\\Services\\Media\\Exceptions\\MediaStorageException"} 
[2026-08-22 21:22:20] local.WARNING: Media database update failed after storage verification. {"category":"restaurant_logo","entity_type":"Mockery_5_App_Models_Restaurant","entity_id":"7ae9da06-06f5-425b-881e-4e14821184e7","object_key":"restaurants/7ae9da06-06f5-425b-881e-4e14821184e7/logo/6d2080e2-196f-461c-b545-31ac40b6da05.jpg","error_class":"App\\Services\\Media\\Exceptions\\MediaStorageException"} 
[2026-08-22 21:23:11] local.WARNING: Media database update failed after storage verification. {"category":"restaurant_logo","entity_type":"Mockery_5_App_Models_Restaurant","entity_id":"7ae9da06-06f5-425b-881e-4e14821184e7","object_key":"restaurants/7ae9da06-06f5-425b-881e-4e14821184e7/logo/7afa1e3a-7220-4b73-ac3a-0367f7e9dba5.jpg","error_class":"App\\Services\\Media\\Exceptions\\MediaStorageException"} 
